20MICRONS,20 MICRONS LIMITED,20MICRONS,INR
21STCENMG,TWENTYFIRST CENTURY MANAGEMT,21STCENMGM,INR
3IINFOTEC,3I INFOTECH LIMITED,3IINFOTECH,INR
3MINDIA,3M INDIA LTD,3MINDIA,INR
3PLAND,3P LAND HOLDINGS LIMITED,3PLAND,INR
5PAISA,5 PAISA CAPITAL LIMITED,5PAISA,INR
63MOONS,63 MOONS TECHNOLOGIES LTD,63MOONS,INR
A2ZINFRA,A2Z INFRA ENGINEERING LTD,A2ZINFRA,INR
AAKASH,AAKASH EXPLORATION SERVICES,AAKASH_SM,INR
AARON,AARON INDUSTRIES LTD,AARON_SM,INR
AARTIDRUG,AARTI DRUGS LIMITED,AARTIDRUGS,INR
AARTIIND,AARTI INDUSTRIES LIMITED,AARTIIND,INR
AARVEEDEN,AARVEE DENIMS &amp; EXPORTS LTD,AARVEEDEN,INR
AARVI,AARVI ENCON LTD,AARVI_SM,INR
AAVAS,AAVAS FINANCIERS LTD,AAVAS,INR
ABAN,ABAN OFFSHORE LIMITED,ABAN_BE,INR
ABB,ABB INDIA LTD,ABB,INR
ABBOTINDI,ABBOTT INDIA LTD,ABBOTINDIA,INR
ABCAPITAL,ADITYA BIRLA CAPITAL LIMITED,ABCAPITAL,INR
ABFRL,ADITYA BIRLA FASHION AND RET,ABFRL,INR
ABINFRA,AB INFRABUILD LTD,ABINFRA_SM,INR
ABMINTLTD,ABM INTERNATIONAL LTD,ABMINTLTD_BE,INR
ABSLNN50E,ABSL NIFTY NEXT 50 ETF,ABSLNN50ET,INR
ACC,ACC LIMITED,ACC,INR
ACCELYA,ACCELYA SOLUTIONS INDIA LTD,ACCELYA,INR
ACCORD,ACCORD SYNERGY LTD,ACCORD_SM,INR
ACCURACY,ACCURACY SHIPPING LTD,ACCURACY_SM,INR
ACE,ACTION CONSTRUCTION EQUIPMEN,ACE,INR
ACEINTEG,ACE INTEGRATED SOLUTIONS LTD,ACEINTEG_SM,INR
ADANIENT,ADANI ENTERPRISES LTD,ADANIENT,INR
ADANIGAS,ADANI GAS LIMITED,ADANIGAS,INR
ADANIGREE,ADANI GREEN ENERGY LTD,ADANIGREEN,INR
ADANIPORT,ADANI PORTS AND SPECIAL ECON,ADANIPORTS,INR
ADANIPOWE,ADANI POWER LIMITED,ADANIPOWER,INR
ADANITRAN,ADANI TRANSMISSION LTD,ADANITRANS,INR
ADFFOODS,ADF FOODS LTD,ADFFOODS,INR
ADHUNIK,ADHUNIK METALIKS LTD,ADHUNIK_BZ,INR
ADHUNIKIN,ADHUNIK INDUSTRIES LTD,ADHUNIKIND,INR
ADLABS,ADLABS ENTERTAINMENT LTD,ADLABS,INR
ADORWELD,ADOR WELDING LTD,ADORWELD,INR
ADROITINF,ADROIT INFOTECH LTD,ADROITINFO_BE,INR
ADSL,ALLIED DIGITAL SERVICES LTD,ADSL,INR
ADVANIHOT,ADVANI HOTELS &amp; RES (INDIA),ADVANIHOTR,INR
ADVENZYME,ADVANCED ENZYME TECHNOLOGIES,ADVENZYMES,INR
AEGISCHEM,AEGIS LOGISTICS LTD,AEGISCHEM,INR
AFFLE,AFFLE INDIA LTD,AFFLE,INR
AGARIND,AGARWAL INDUSTRIAL CORPORATI,AGARIND,INR
AGCNET,AGC NETWORKS LIMITED,AGCNET_BE,INR
AGRITECH,AGRI-TECH INDIA LIMITED,AGRITECH,INR
AGROPHOS,AGRO PHOS INDIA LTD,AGROPHOS,INR
AHIMSA,AHIMSA INDUSTRIES LTD,AHIMSA_SM,INR
AHLADA,AHLADA ENGINEERS LTD,AHLADA_SM,INR
AHLEAST,ASIAN HOTELS EAST LTD,AHLEAST,INR
AHLUCONT,AHLUWALIA CONTRACTS LTD,AHLUCONT,INR
AHLWEST,ASIAN HOTELS WEST LTD,AHLWEST,INR
AIAENG,AIA ENGINEERING LTD,AIAENG,INR
AIONJSW,MONNET ISPAT &amp; ENERGY LTD,AIONJSW,INR
AIRAN,AIRAN LTD,AIRAN,INR
AIROLAM,AIRO LAM LTD,AIROLAM_SM,INR
AISL,ANI INTEGRATED SERVICES LTD,AISL_SM,INR
AJANTPHAR,AJANTA PHARMA LTD,AJANTPHARM,INR
AJMERA,AJMERA REALTY &amp; INFRA INDIA,AJMERA,INR
AJOONI,AJOONI BIOTECH LTD,AJOONI_SM,INR
AKASH,AKASH INFRA-PROJECTS LTD,AKASH,INR
AKG,AKG EXIM LTD,AKG_SM,INR
AKSHARCHE,AKSHARCHEM INDIA LTD,AKSHARCHEM,INR
AKSHOPTFB,AKSH OPTIFIBRE LIMITED,AKSHOPTFBR,INR
AKZOINDIA,AKZO NOBEL INDIA LTD,AKZOINDIA,INR
ALANKIT,ALANKIT LTD,ALANKIT,INR
ALBERTDAV,ALBERT DAVID LTD,ALBERTDAVD,INR
ALBK,ALLAHABAD BANK,ALBK,INR
ALCHEM,ALCHEMIST LTD,ALCHEM_BE,INR
ALEMBICLT,ALEMBIC LIMITED,ALEMBICLTD,INR
ALICON,ALICON CASTALLOY LIMITED,ALICON,INR
ALKALI,ALKALI METALS LIMITED,ALKALI,INR
ALKEM,ALKEM LABORATORIES LTD,ALKEM,INR
ALKYLAMIN,ALKYL AMINES CHEMICALS LTD,ALKYLAMINE,INR
ALLCARGO,ALLCARGO LOGISTICS LTD,ALLCARGO,INR
ALLSEC,ALLSEC TECHNOLOGIES LIMITED,ALLSEC,INR
ALMONDZ,ALMONDZ GLOBAL SECURITIES LT,ALMONDZ,INR
ALOKTEXT,ALOK INDUSTRIES LTD,ALOKTEXT,INR
ALPA,ALPA LABORATORIES LIMITED,ALPA,INR
ALPHAGEO,ALPHAGEO (INDIA) LIMITED,ALPHAGEO,INR
AMARAJABA,AMARA RAJA BATTERIES LTD,AMARAJABAT,INR
AMBANIORG,AMBANI ORGANICS LTD,AMBANIORG_SM,INR
AMBER,AMBER ENTERPRISES INDIA LTD,AMBER,INR
AMBIKCO,AMBIKA COTTON MILLS LTD,AMBIKCO,INR
AMBUJACEM,AMBUJA CEMENTS LIMITED,AMBUJACEM,INR
AMDIND,AMD INDUSTRIES LIMITED,AMDIND,INR
AMJLAND,AMJ LAND HOLDINGS LIMITED,AMJLAND,INR
AMJUMBO,A&amp;M JUMBO BAGS LTD,AMJUMBO_SM,INR
AMRUTANJA,AMRUTANJAN HEALTH CARE LTD,AMRUTANJAN,INR
ANANTRAJ,ANANT RAJ LTD,ANANTRAJ,INR
ANDHRABAN,ANDHRA BANK,ANDHRABANK,INR
ANDHRACEM,ANDHRA CEMENTS LTD,ANDHRACEMT_BE,INR
ANDHRSUGA,ANDHRA SUGARS LTD,ANDHRSUGAR,INR
ANIKINDS,ANIK INDUSTRIES LIMITED,ANIKINDS,INR
ANSALAPI,ANSAL PROPERTIES &amp; INFRASTRU,ANSALAPI,INR
ANSALHSG,ANSAL HOUSING LTD,ANSALHSG,INR
ANTGRAPHI,ANTARCTICA LTD,ANTGRAPHIC_BE,INR
ANUP,ANUP ENGINEERING LIMITED/THE,ANUP,INR
APARINDS,APAR INDUSTRIES LIMITED,APARINDS,INR
APCL,ANJANI PORTLAND CEMENT LTD,APCL,INR
APCOTEXIN,APCOTEX INDUSTRIES LTD,APCOTEXIND,INR
APEX,APEX FROZEN FOODS LTD,APEX,INR
APLAPOLLO,APL APOLLO TUBES LTD,APLAPOLLO,INR
APLLTD,ALEMBIC PHARMACEUTICALS LTD,APLLTD,INR
APOLLO,APOLLO MICRO SYSTEMS LTD,APOLLO,INR
APOLLOHOS,APOLLO HOSPITALS ENTERPRISE,APOLLOHOSP,INR
APOLLOTYR,APOLLO TYRES LIMITED,APOLLOTYRE,INR
APOLSINHO,APOLLO SINDOORI HOTELS LTD,APOLSINHOT,INR
APTECHT,APTECH LTD,APTECHT,INR
ARCHIDPLY,ARCHIDPLY INDUSTRIES LIMITED,ARCHIDPLY,INR
ARCHIES,ARCHIES LTD,ARCHIES_BE,INR
ARCOTECH,ARCOTECH LTD,ARCOTECH_BE,INR
ARENTERP,RAJDARSHAN INDUSTRIES LTD,ARENTERP,INR
ARIES,ARIES AGRO LIMITED,ARIES,INR
ARIHANT,ARIHANT FOUNDATIONS &amp; HOUSIN,ARIHANT,INR
ARIHANTSU,ARIHANT SUPERSTRUCTURES LTD,ARIHANTSUP_BE,INR
ARMANFIN,ARMAN FINANCIAL SERVICES LTD,ARMANFIN,INR
AROGRANIT,ARO GRANITE INDUSTRIES LTD,AROGRANITE,INR
ARROWGREE,ARROW GREENTECH LTD,ARROWGREEN,INR
ARROWTEX,ARROW TEXTILES LTD,ARROWTEX,INR
ARSHIYA,ARSHIYA LTD,ARSHIYA,INR
ARSSINFRA,ARSS INFRASTRUCTURE PROJECTS,ARSSINFRA,INR
ARTEDZ,ARTEDZ FABS LTD,ARTEDZ_SM,INR
ARTNIRMAN,ART NIRMAN LTD,ARTNIRMAN_SM,INR
ARVEE,ARVEE LABORATORIES INDIA LTD,ARVEE_SM,INR
ARVIND,ARVIND LTD,ARVIND,INR
ARVINDFAS,ARVIND FASHIONS LIMITED,ARVINDFASN,INR
ARVSMART,ARVIND SMARTSPACES LIMITED,ARVSMART,INR
ASAHIINDI,ASAHI INDIA GLASS LTD,ASAHIINDIA,INR
ASAHISONG,ASAHI SONGWON COLORS LIMITED,ASAHISONG,INR
ASAL,AUTOMOTIVE STAMPINGS &amp; ASSEM,ASAL,INR
ASHAPURMI,ASHAPURA MINECHEM LIMITED,ASHAPURMIN_BE,INR
ASHIANA,ASHIANA HOUSING LTD,ASHIANA,INR
ASHIMASYN,ASHIMA LIMITED,ASHIMASYN,INR
ASHOKA,ASHOKA BUILDCON LTD,ASHOKA,INR
ASHOKLEY,ASHOK LEYLAND LIMITED,ASHOKLEY,INR
ASIANHOTN,ASIAN HOTELS NORTH LTD,ASIANHOTNR,INR
ASIANPAIN,ASIAN PAINTS LTD,ASIANPAINT,INR
ASIANTILE,ASIAN GRANITO INDIA LIMITED,ASIANTILES,INR
ASLIND,ASL INDUSTRIES LTD,ASLIND_SM,INR
ASPINWALL,ASPINWALL &amp; CO LTD/INDIA,ASPINWALL,INR
ASTEC,ASTEC LIFESCIENCES LTD,ASTEC,INR
ASTERDM,ASTER DM HEALTHCARE LTD,ASTERDM,INR
ASTRAL,ASTRAL POLY TECHNIK LTD,ASTRAL,INR
ASTRAMICR,ASTRA MICROWAVE PRODUCTS LTD,ASTRAMICRO,INR
ASTRAZEN,ASTRAZENECA PHARMA INDIA LTD,ASTRAZEN,INR
ASTRON,ASTRON PAPER &amp; BOARD MILL LT,ASTRON,INR
ATFL,AGRO TECH FOODS LTD,ATFL,INR
ATLANTA,ATLANTA LTD,ATLANTA_BE,INR
ATLASCYCL,ATLAS CYCLES HARYANA LTD,ATLASCYCLE_BZ,INR
ATUL,ATUL LIMITED,ATUL,INR
ATULAUTO,ATUL AUTO LTD,ATULAUTO,INR
AUBANK,AU SMALL FINANCE BANK LTD,AUBANK,INR
AURDIS,AURANGABAD DISTILLERY LTD,AURDIS_SM,INR
AURIONPRO,AURIONPRO SOLUTIONS LTD,AURIONPRO,INR
AUROPHARM,AUROBINDO PHARMA LTD,AUROPHARMA,INR
AUSOMENT,AUSOM ENTERPRISE LTD,AUSOMENT,INR
AUTOAXLES,AUTOMOTIVE AXLES LIMITED,AUTOAXLES,INR
AUTOIND,AUTOLINE INDUSTRIES LTD,AUTOIND,INR
AUTOLITIN,AUTOLITE (INDIA) LIMITED,AUTOLITIND,INR
AVADHSUGA,AVADH SUGAR &amp; ENERGY LTD,AVADHSUGAR,INR
AVANTIFEE,AVANTI FEEDS LTD,AVANTIFEED,INR
AVG,AVG LOGISTICS LTD,AVG_SM,INR
AVROIND,AVRO INDIA LTD,AVROIND_SM,INR
AVSL,AVSL INDUSTRIES LTD,AVSL_SM,INR
AVTNPL,AVT NATURAL PRODUCTS LTD,AVTNPL,INR
AXISBANK,AXIS BANK LTD,AXISBANK,INR
AXISCADES,AXISCADES ENGINEERING TECHNO,AXISCADES,INR
AXISGOLD,AXIS GOLD ETF,AXISGOLD,INR
AXISNIFTY,AXIS NIFTY ETF,AXISNIFTY,INR
AYMSYNTEX,AYM SYNTEX LTD,AYMSYNTEX,INR
BABAFOOD,BABA AGRO FOOD LTD,BABAFOOD_SM,INR
BAGFILMS,B.A.G. FILMS &amp; MEDIA LTD,BAGFILMS,INR
BAJAJ-AUT,BAJAJ AUTO LIMITED,BAJAJ-AUTO,INR
BAJAJCON,BAJAJ CONSUMER CARE LTD,BAJAJCON,INR
BAJAJELEC,BAJAJ ELECTRICALS LIMITED,BAJAJELEC,INR
BAJAJFINS,BAJAJ FINSERV LTD,BAJAJFINSV,INR
BAJAJHIND,BAJAJ HINDUSTHAN SUGAR LTD,BAJAJHIND,INR
BAJAJHLDN,BAJAJ HOLDINGS AND INVESTMEN,BAJAJHLDNG,INR
BAJFINANC,BAJAJ FINANCE LTD,BAJFINANCE,INR
BALAJITEL,BALAJI TELEFILMS LTD,BALAJITELE,INR
BALAMINES,BALAJI AMINES LIMITED,BALAMINES,INR
BALAXI,BALAXI VENTURES LTD,BALAXI,INR
BALKRISHN,BALKRISHNA PAPER MILLS LTD,BALKRISHNA_BE,INR
BALKRISIN,BALKRISHNA INDUSTRIES LTD,BALKRISIND,INR
BALLARPUR,BALLARPUR INDUSTRIES LTD,BALLARPUR,INR
BALMLAWRI,BALMER LAWRIE &amp; CO LTD,BALMLAWRIE,INR
BALPHARMA,BAL PHARMA LIMITED,BALPHARMA,INR
BALRAMCHI,BALRAMPUR CHINI MILLS LTD,BALRAMCHIN,INR
BANARBEAD,BANARAS BEADS LTD,BANARBEADS,INR
BANARISUG,BANNARI AMMAN SUGARS LTD,BANARISUG,INR
BANCOINDI,BANCO PRODUCTS (INDIA) LTD,BANCOINDIA,INR
BANDHANBN,BANDHAN BANK LTD,BANDHANBNK,INR
BANG,BANG OVERSEAS LIMITED,BANG,INR
BANKA,BANKA BIOLOO LTD,BANKA_SM,INR
BANKBAROD,BANK OF BARODA,BANKBARODA,INR
BANKBEES,NIPPON INDIA ETF BANK BEES,BANKBEES,INR
BANKINDIA,BANK OF INDIA,BANKINDIA,INR
BANSAL,BANSAL MULTIFLEX LTD,BANSAL_SM,INR
BANSWRAS,BANSWARA SYNTEX LIMITED,BANSWRAS,INR
BARTRONIC,BARTRONICS INDIA LTD,BARTRONICS_BE,INR
BASF,BASF INDIA LIMITED,BASF,INR
BASML,BANNARI AMMAN SPINNING MILLS,BASML,INR
BATAINDIA,BATA INDIA LTD,BATAINDIA,INR
BAYERCROP,BAYER CROPSCIENCE LTD,BAYERCROP,INR
BBL,BHARAT BIJLEE LIMITED,BBL,INR
BBTC,BOMBAY BURMAH TRADING CORP,BBTC,INR
BBTCL,B&amp;B TRIPLEWALL CONTAINERS LT,BBTCL_SM,INR
BCG,BRIGHTCOM GROUP LTD,BCG,INR
BCONCEPTS,BRAND CONCEPTS LTD,BCONCEPTS_SM,INR
BCP,B C POWER CONTROLS LTD,BCP,INR
BDL,BHARAT DYNAMICS LTD,BDL,INR
BEARDSELL,BEARDSELL LTD,BEARDSELL,INR
BEDMUTHA,BEDMUTHA INDUSTRIES LTD,BEDMUTHA,INR
BEL,BHARAT ELECTRONICS LTD,BEL,INR
BEML,BEML LIMITED,BEML,INR
BEPL,BHANSALI ENGINEERNG POLYMER,BEPL,INR
BERGEPAIN,BERGER PAINTS INDIA LTD,BERGEPAINT,INR
BETA,BETA DRUGS LTD,BETA_SM,INR
BFINVEST,BF INVESTMENT LTD,BFINVEST,INR
BFUTILITI,BF UTILITIES LTD,BFUTILITIE,INR
BGLOBAL,BHARATIYA GLOBAL INFOMEDIA L,BGLOBAL_BE,INR
BGRENERGY,BGR ENERGY SYSTEMS LIMITED,BGRENERGY,INR
BHAGERIA,BHAGERIA INDUSTRIES LTD,BHAGERIA,INR
BHAGYANGR,BHAGYANAGAR INDIA LTD,BHAGYANGR,INR
BHAGYAPRO,BHAGYANAGAR PROPERTIES LTD,BHAGYAPROP,INR
BHANDARI,BHANDARI HOSIERY EXPORTS,BHANDARI,INR
BHARATAGR,BHARAT AGRI FERT &amp; REALTY LT,531862,INR
BHARATFOR,BHARAT FORGE LIMITED,BHARATFORG,INR
BHARATGEA,BHARAT GEARS LIMITED,BHARATGEAR,INR
BHARATRAS,BHARAT RASAYAN LIMITED,BHARATRAS,INR
BHARATWIR,BHARAT WIRE ROPES LTD,BHARATWIRE,INR
BHARTIART,BHARTI AIRTEL LIMITED,BHARTIARTL,INR
BHEL,BHARAT HEAVY ELECTRICALS,BHEL,INR
BIGBLOC,BIGBLOC CONSTRUCTION LTD,BIGBLOC,INR
BIL,BHARTIYA INTERNATIONAL LTD,BIL,INR
BILENERGY,BIL ENERGY SYSTEMS LTD,BILENERGY_BE,INR
BINDALAGR,OSWAL GREENTECH LTD,BINDALAGRO,INR
BIOCON,BIOCON LTD,BIOCON,INR
BIRLACABL,BIRLA CABLE LIMITED,BIRLACABLE,INR
BIRLACORP,BIRLA CORP LIMITED,BIRLACORPN,INR
BIRLAMONE,ADITYA BIRLA MONEY LTD,BIRLAMONEY,INR
BKMINDST,BKM INDUSTRIES LTD,BKMINDST,INR
BLBLIMITE,BLB LTD,BLBLIMITED,INR
BLISSGVS,BLISS GVS PHARMA LIMITED,BLISSGVS,INR
BLKASHYAP,B. L. KASHYAP AND SONS LTD,BLKASHYAP,INR
BLS,BLS INTERNATIONAL LTD,BLS,INR
BLUEBLEND,BLUE BLENDS (INDIA) LTD,BLUEBLENDS_BE,INR
BLUECOAST,BLUE COAST HOTELS LTD,BLUECOAST_BE,INR
BLUEDART,BLUE DART EXPRESS LIMITED,BLUEDART,INR
BLUESTARC,BLUE STAR LIMITED,BLUESTARCO,INR
BODALCHEM,BODAL CHEMICALS LTD,BODALCHEM,INR
BOHRA,BOHRA INDUSTRIES LTD,BOHRA_SM,INR
BOMDYEING,BOMBAY DYEING &amp; MFG CO LTD,BOMDYEING,INR
BOROSIL,BOROSIL GLASS WORKS LTD,BOROSIL,INR
BOSCHLTD,BOSCH LIMITED,BOSCHLTD,INR
BPCL,BHARAT PETROLEUM CORP LTD,BPCL,INR
BPL,BPL LTD,BPL,INR
BRFL,BOMBAY RAYON FASHIONS LTD,BRFL_BE,INR
BRIGADE,BRIGADE ENTERPRISES LIMITED,BRIGADE,INR
BRIGHT,BRIGHT SOLAR LTD,BRIGHT_SM,INR
BRITANNIA,BRITANNIA INDUSTRIES LTD,BRITANNIA,INR
BRNL,BHARAT ROAD NETWORK LTD,BRNL,INR
BROOKS,BROOKS LABORATORIES LTD,BROOKS,INR
BSE,BSE LTD,BSE,INR
BSELINFRA,BSEL INFRASTRUCTURE REALTY,BSELINFRA_BE,INR
BSHSL,BOMBAY SUPER HYBRID SEEDS LT,BSHSL_SM,INR
BSL,BSL LIMITED,BSL,INR
BSLGOLDET,ADITYA BIRLA SL GOLD ETF,BSLGOLDETF,INR
BSLNIFTY,ADITYA BIRLA SL NIFTY ETF,BSLNIFTY,INR
BSOFT,BIRLASOFT LTD,BSOFT,INR
BURNPUR,BURNPUR CEMENT LIMITED,BURNPUR_BE,INR
BUTTERFLY,BUTTERFLY GANDHIMATHI APPLIA,BUTTERFLY,INR
BVCL,BARAK VALLEY CEMENTS LIMITED,BVCL_BE,INR
BYKE,THE BYKE HOSPITALITY LTD,BYKE,INR
CADILAHC,CADILA HEALTHCARE LTD,CADILAHC,INR
CADSYS,CADSYS INDIA LTD,CADSYS_SM,INR
CALSOFT,CALIFORNIA SOFTWARE CO LTD,CALSOFT,INR
CAMLINFIN,CAMLIN FINE SCIENCES LTD,CAMLINFINE,INR
CANBK,CANARA BANK,CANBK,INR
CANDC,C &amp; C CONSTRUCTIONS LIMITED,CANDC_BZ,INR
CANFINHOM,CAN FIN HOMES LTD,CANFINHOME,INR
CANTABIL,CANTABIL RETAIL INDIA LTD,CANTABIL,INR
CAPACITE,CAPACIT'E INFRAPROJECTS LTD,CAPACITE,INR
CAPLIPOIN,CAPLIN POINT LABORATORIES,CAPLIPOINT,INR
CAPTRUST,CAPITAL TRUST LTD,CAPTRUST_BE,INR
CARBORUNI,CARBORUNDUM UNIVERSAL LTD,CARBORUNIV,INR
CAREERP,CAREER POINT LTD,CAREERP,INR
CARERATIN,CARE RATINGS LTD,CARERATING,INR
CASTEXTEC,CASTEX TECHNOLOGIES LTD,CASTEXTECH_BE,INR
CASTROLIN,CASTROL INDIA LTD,CASTROLIND,INR
CCHHL,COUNTRY CLUB HOSPITALITY &amp; H,CCHHL,INR
CCL,CCL PRODUCTS INDIA LTD,CCL,INR
CDSL,CENTRAL DEPOSITORY SERVICES,CDSL,INR
CEATLTD,CEAT LIMITED,CEATLTD,INR
CEBBCO,COMMERCIAL ENGINEERS &amp; BODY,CEBBCO,INR
CELEBRITY,CELEBRITY FASHIONS LTD,CELEBRITY,INR
CELESTIAL,CELESTIAL BIOLABS LTD,CELESTIAL_BE,INR
CENTENKA,CENTURY ENKA LIMITED,CENTENKA,INR
CENTEXT,CENTURY EXTRUSIONS LIMITED,CENTEXT,INR
CENTRALBK,CENTRAL BANK OF INDIA,CENTRALBK,INR
CENTRUM,CENTRUM CAPITAL LTD,CENTRUM,INR
CENTUM,CENTUM ELECTRONICS LIMITED,CENTUM,INR
CENTURYPL,CENTURY PLYBOARDS INDIA LTD,CENTURYPLY,INR
CENTURYTE,CENTURY TEXTILES &amp; INDS LTD,CENTURYTEX,INR
CERA,CERA SANITARYWARE LTD,CERA,INR
CEREBRAIN,CEREBRA INTEGRATED TECH LTD,CEREBRAINT,INR
CESC,CESC LIMITED,CESC,INR
CESCVENT,CESC VENTURES LTD,CESCVENT,INR
CGCL,CAPRI GLOBAL CAPITAL LTD,CGCL,INR
CGPOWER,CG POWER AND INDUSTRIAL SOLU,CGPOWER,INR
CHALET,CHALET HOTELS LTD,CHALET,INR
CHAMBLFER,CHAMBAL FERTILISERS &amp; CHEM,CHAMBLFERT,INR
CHDDLTD,CHD DEVELOPERS LIMITED,526917,INR
CHEMFAB,CHEMFAB ALKALIS LTD,CHEMFAB,INR
CHENNPETR,CHENNAI PETROLEUM CORP LTD,CHENNPETRO,INR
CHOLAFIN,CHOLAMANDALAM INVESTMENT AND,CHOLAFIN,INR
CHOLAHLDN,CHOLAMANDALAM FINANCIAL HOLD,CHOLAHLDNG,INR
CHROMATIC,CHROMATIC INDIA LTD,CHROMATIC,INR
CIGNITITE,CIGNITI TECHNOLOGIES LTD,CIGNITITEC,INR
CIMMCO,CIMMCO LTD,CIMMCO,INR
CINELINE,CINELINE INDIA LTD,CINELINE,INR
CINEVISTA,CINEVISTA LTD,CINEVISTA_BE,INR
CIPLA,CIPLA LTD,CIPLA,INR
CKFSL,COX &amp; KINGS FINANCIAL SERVIC,CKFSL_BE,INR
CKPLEISUR,CKP LEISURE LTD,CKPLEISURE_SM,INR
CKPPRODUC,CKP PRODUCTS LTD,CKPPRODUCT_SM,INR
CLEDUCATE,CL EDUCATE LTD,CLEDUCATE,INR
CLNINDIA,CLARIANT CHEMICALS (I) LTD,CLNINDIA,INR
CMICABLES,CMI LIMITED,CMICABLES,INR
CMMIPL,CMM INFRAPROJECTS LTD,CMMIPL_SM,INR
CNOVAPETR,CIL NOVA PETROCHEMICALS LTD,CNOVAPETRO,INR
COALINDIA,COAL INDIA LTD,COALINDIA,INR
COCHINSHI,COCHIN SHIPYARD LTD,COCHINSHIP,INR
COFFEEDAY,COFFEE DAY ENTERPRISES LTD,COFFEEDAY,INR
COLPAL,COLGATE PALMOLIVE (INDIA),COLPAL,INR
COMPINFO,COMPUAGE INFOCOM LTD,COMPINFO,INR
COMPUSOFT,COMPUCOM SOFTWARE LIMITED,COMPUSOFT,INR
CONCOR,CONTAINER CORP OF INDIA LTD,CONCOR,INR
CONFIPET,CONFIDENCE PETROLEUM INDIA,CONFIPET,INR
CONSOFINV,CONSOLIDATED FINVEST &amp; HLDG,CONSOFINVT,INR
CONTI,CONTINENTAL SEEDS AND CHEMIC,CONTI_SM,INR
CONTROLPR,CONTROL PRINT LTD,CONTROLPR,INR
CORALFINA,CORAL INDIA FINANCE &amp; HOUSIN,CORALFINAC,INR
CORDSCABL,CORDS CABLE INDUSTRIES LTD,CORDSCABLE,INR
COROMANDE,COROMANDEL INTERNATIONAL LTD,COROMANDEL,INR
CORPBANK,CORPORATION BANK,CORPBANK,INR
COSMOFILM,COSMO FILMS LIMITED,COSMOFILMS,INR
COUNCODOS,COUNTRY CONDO'S LTD,COUNCODOS,INR
COXKINGS,COX AND KINGS LTD,COX&amp;KINGS,INR
CPSEETF,CPSE ETF,CPSEETF,INR
CREATIVE,CREATIVE PERIPHERALS AND DIS,CREATIVE,INR
CREATIVEY,CREATIVE EYE LTD,CREATIVEYE,INR
CREDITACC,CREDITACCESS GRAMEEN LTD,CREDITACC,INR
CREST,CREST VENTURES LTD,CREST,INR
CRISIL,CRISIL LTD,CRISIL,INR
CRMFGETF,CANARA ROBECO GOLD ETF,CRMFGETF,INR
CROMPTON,CROMPTON GREAVES CONSUMER EL,CROMPTON,INR
CROWN,CROWN LIFTERS LTD,CROWN_SM,INR
CTE,CAMBRIDGE TECHNOLOGY ENTERPR,CTE,INR
CUB,CITY UNION BANK LTD,CUB,INR
CUBEXTUB,CUBEX TUBINGS LIMITED,CUBEXTUB,INR
CUMMINSIN,CUMMINS INDIA LTD,CUMMINSIND,INR
CUPID,CUPID LTD,CUPID,INR
CURATECH,CURA TECHNOLOGIES LTD,CURATECH_BE,INR
CYBERMEDI,CYBER MEDIA INDIA LTD,CYBERMEDIA_BE,INR
CYBERTECH,CYBERTECH SYSTEMS &amp; SOFTWARE,CYBERTECH,INR
CYIENT,CYIENT LTD,CYIENT,INR
DAAWAT,LT FOODS LTD,DAAWAT,INR
DABUR,DABUR INDIA LIMITED,DABUR,INR
DALBHARAT,DALMIA BHARAT LTD,DALBHARAT,INR
DALMIASUG,DALMIA BHARAT SUGAR &amp; INDUST,DALMIASUG,INR
DAMODARIN,DAMODAR INDUSTRIES LTD,DAMODARIND,INR
DANGEE,DANGEE DUMS LTD,DANGEE_SM,INR
DATAMATIC,DATAMATICS GLOBAL SERVICES,DATAMATICS,INR
DBCORP,D.B. CORP LIMITED,DBCORP,INR
DBL,DILIP BUILDCON LTD,DBL,INR
DBREALTY,DB REALTY LTD,DBREALTY,INR
DBSTOCKBR,DB INTL STOCK BROKERS LTD,DBSTOCKBRO,INR
DCAL,DISHMAN CARBOGEN AMCIS LIMITED,DCAL,INR
DCBBANK,DCB BANK LTD,DCBBANK,INR
DCM,DCM LIMITED,DCM_BE,INR
DCMFINSER,DCM FINANCIAL SERVICES,DCMFINSERV,INR
DCMNVL,DCM NOUVELLE LTD,DCMNVL,INR
DCMSHRIRA,DCM SHRIRAM LTD,DCMSHRIRAM,INR
DCW,DCW LIMITED,DCW,INR
DECCANCE,DECCAN CEMENTS LTD,DECCANCE,INR
DEEPAKFER,DEEPAK FERTILISERS &amp; PETRO,DEEPAKFERT,INR
DEEPAKNTR,DEEPAK NITRITE LTD,DEEPAKNTR,INR
DEEPIND,DEEP INDUSTRIES LTD,DEEPIND,INR
DELTACORP,DELTA CORP LTD,DELTACORP,INR
DELTAMAGN,DELTA MAGNETS LTD,DELTAMAGNT,INR
DEN,DEN NETWORKS LTD,DEN_BE,INR
DENORA,DE NORA INDIA LIMITED,DENORA,INR
DEVIT,DEV INFORMATION TECHNOLOGY L,DEVIT_SM,INR
DFMFOODS,DFM FOODS LTD,DFMFOODS,INR
DGCONTENT,DIGICONTENT LTD,DGCONTENT,INR
DHAMPURSU,DHAMPUR SUGAR MILLS LTD,DHAMPURSUG,INR
DHANBANK,DHANLAXMI BANK LTD,DHANBANK,INR
DHANUKA,DHANUKA AGRITECH LTD,DHANUKA,INR
DHARSUGAR,DHARANI SUGARS &amp; CHEMICALS,DHARSUGAR_BE,INR
DHFL,DEWAN HOUSING FINANCE CORP,DHFL,INR
DHUNINV,DHUNSERI INVESTMENTS LTD,DHUNINV,INR
DIAMONDYD,PRATAAP SNACKS LTD,DIAMONDYD,INR
DIAPOWER,DIAMOND POWER INFRA LIMITED,DIAPOWER_BZ,INR
DICIND,DIC INDIA LTD,DICIND,INR
DIGISPICE,DIGISPICE TECHNOLOGIES LTD,DIGISPICE,INR
DIGJAMLTD,DIGJAM LTD,DIGJAMLTD_BZ,INR
DISHTV,DISH TV INDIA LTD,DISHTV,INR
DIVISLAB,DIVI'S LABORATORIES LTD,DIVISLAB,INR
DIXON,DIXON TECHNOLOGIES INDIA LTD,DIXON,INR
DLF,DLF LIMITED,DLF,INR
DLINKINDI,D-LINK INDIA LTD,DLINKINDIA,INR
DMART,AVENUE SUPERMARTS LTD,DMART,INR
DNAMEDIA,DILIGENT MEDIA CORP LTD,DNAMEDIA_BE,INR
DOLAT,DOLAT INVESTMENTS LTD,DOLAT,INR
DOLLAR,DOLLAR INDUSTRIES LTD,DOLLAR,INR
DONEAR,DONEAR INDUSTRIES LTD,DONEAR,INR
DPABHUSHA,D P ABHUSHAN LTD,DPABHUSHAN_SM,INR
DPSCLTD,DPSC LTD,DPSCLTD,INR
DPWIRES,DP WIRES LTD,DPWIRES_SM,INR
DQE,DQ ENTERTAINMENT INTL LTD,DQE_BE,INR
DREDGECOR,DREDGING CORP OF INDIA LTD,DREDGECORP,INR
DRL,DHANUKA REALTY LTD,DRL_SM,INR
DRREDDY,DR. REDDY'S LABORATORIES,DRREDDY,INR
DRSDILIP,DRS DILIP ROADLINES LTD,DRSDILIP_SM,INR
DSML,DEBOCK SALES &amp; MKTG LTD,DSML_SM,INR
DSSL,DYNACONS SYSTEMS &amp; SOLUTIONS,DSSL,INR
DTIL,DHUNSERI TEA &amp; INDUSTRIES LT,DTIL,INR
DUCON,DUCON INFRATECHNOLGIES LTD,DUCON,INR
DVL,DHUNSERI VENTURES LTD,DVL,INR
DWARKESH,DWARIKESH SUGAR INDUS LTD,DWARKESH,INR
DYNAMATEC,DYNAMATIC TECHNOLOGIES LTD,DYNAMATECH,INR
DYNPRO,DYNEMIC PRODUCTS LTD,DYNPRO,INR
E2E,E2E NETWORKS LTD,E2E_SM,INR
EASTSILK,EASTERN SILK INDUSTRIES LTD,EASTSILK_BE,INR
EASUNREYR,EASUN REYROLLE LIMITED,EASUNREYRL_BZ,INR
EBANK,EDELWEISS ETF - NIFTY BANK,EBANK,INR
ECLERX,ECLERX SERVICES LTD,ECLERX,INR
EDELWEISS,EDELWEISS FINANCIAL SERVICES,EDELWEISS,INR
EDL,EMPEE DISTILLERIES LIMITED,EDL_BZ,INR
EDUCOMP,EDUCOMP SOLUTIONS LTD,EDUCOMP_BZ,INR
EICHERMOT,EICHER MOTORS LTD,EICHERMOT,INR
EIDPARRY,EID PARRY INDIA LTD,EIDPARRY,INR
EIFFL,EURO INDIA FRESH FOODS LTD,EIFFL_SM,INR
EIHAHOTEL,EIH ASSOCIATED HOTELS,EIHAHOTELS,INR
EIHOTEL,EIH LIMITED,EIHOTEL,INR
EIMCOELEC,EIMCO ELECON INDIA LTD,EIMCOELECO,INR
EKC,EVEREST KANTO CYLINDER LTD,EKC,INR
ELECON,ELECON ENGINEERING CO LTD,ELECON,INR
ELECTCAST,ELECTROSTEEL CASTINGS LTD,ELECTCAST,INR
ELECTHERM,ELECTROTHERM INDIA LTD,ELECTHERM,INR
ELGIEQUIP,ELGI EQUIPMENTS LTD,ELGIEQUIP,INR
ELGIRUBCO,ELGI RUBBER COMPANY LTD,ELGIRUBCO,INR
EMAMILTD,EMAMI LIMITED,EMAMILTD,INR
EMAMIPAP,EMAMI PAPER MILLS LTD,EMAMIPAP,INR
EMAMIREAL,EMAMI REALTY LIMITED,EMAMIREAL_BE,INR
EMBASSY,EMBASSY OFFICE PARKS REIT,EMBASSY_RR,INR
EMCO,EMCO LIMITED,EMCO_BE,INR
EMKAY,EMKAY GLOBAL FINANCIAL SERV,EMKAY,INR
EMKAYTOOL,EMKAY TAPS &amp; CUTTING TOOLS L,EMKAYTOOLS_SM,INR
EMMBI,EMMBI INDUSTRIES LIMITED,EMMBI,INR
ENDURANCE,ENDURANCE TECHNOLOGIES LTD,ENDURANCE,INR
ENERGYDEV,ENERGY DEVELOPMENT CO,ENERGYDEV_BE,INR
ENGINERSI,ENGINEERS INDIA LTD,ENGINERSIN,INR
ENIL,ENTERTAINMENT NETWORK INDIA,ENIL,INR
EON,EON ELECTRIC LTD,EON,INR
EQ30,EDELWEISS ETF - NIFTY 100 QU,EQ30,INR
EQUITAS,EQUITAS HOLDINGS LTD/INDIA,EQUITAS,INR
ERIS,ERIS LIFESCIENCES LTD,ERIS,INR
EROSMEDIA,EROS INTERNATIONAL MEDIA LTD,EROSMEDIA_BE,INR
ESABINDIA,ESAB INDIA LTD,ESABINDIA,INR
ESCORTS,ESCORTS LTD,ESCORTS,INR
ESSARSHPN,ESSAR SHIPPING LTD,ESSARSHPNG_BE,INR
ESSELPACK,ESSEL PROPACK LTD,ESSELPACK,INR
ESTER,ESTER INDUSTRIES LTD,ESTER_BE,INR
EUROCERA,EURO CERAMICS LTD,EUROCERA_BZ,INR
EUROMULTI,EURO MULTIVISION LTD,EUROMULTI_BE,INR
EUROTEXIN,EUROTEX INDS &amp; EXPORTS LTD,EUROTEXIND,INR
EVEREADY,EVEREADY INDUSTRIES INDIA,EVEREADY,INR
EVERESTIN,EVEREST INDUSTRIES LTD,EVERESTIND,INR
EXCEL,EXCEL REALTY N INFRA LTD,EXCEL_BE,INR
EXCELINDU,EXCEL INDUSTRIES LTD,EXCELINDUS,INR
EXIDEIND,EXIDE INDUSTRIES LTD,EXIDEIND,INR
EXPLEOSOL,EXPLEO SOLUTIONS LTD,EXPLEOSOL,INR
FACT,FERTILISERS &amp; CHEM TRAVANCR,FACT,INR
FAIRCHEM,FAIRCHEM SPECIALITY LTD,FAIRCHEM,INR
FCL,FINEOTEX CHEMICAL LTD,FCL,INR
FCONSUMER,FUTURE CONSUMER LTD,FCONSUMER,INR
FCSSOFT,FCS SOFTWARE SOLUTIONS LTD,FCSSOFT,INR
FDC,FDC LTD,FDC,INR
FEDERALBN,FEDERAL BANK LTD,FEDERALBNK,INR
FEL,FUTURE ENTERPRISES LTD,FEL,INR
FELDVR,FUTURE ENTERPRISES LTD-CL B,FELDVR,INR
FELIX,FELIX INDUSTRIES LTD,FELIX_SM,INR
FIEMIND,FIEM INDUSTRIES LTD,FIEMIND,INR
FILATEX,FILATEX INDIA LTD,FILATEX,INR
FINCABLES,FINOLEX CABLES LTD,FINCABLES,INR
FINEORG,FINE ORGANIC INDUSTRIES LTD,FINEORG,INR
FINPIPE,FINOLEX INDUSTRIES LTD,FINPIPE,INR
FLEXITUFF,FLEXITUFF VENTURES INTERNATI,FLEXITUFF,INR
FLFL,FUTURE LIFESTYLE FASHIONS LT,FLFL,INR
FLUOROCHE,GUJARAT FLUOROCHEMICALS LTD,FLUOROCHEM,INR
FMGOETZE,FEDERAL-MOGUL GOETZE INDIA,FMGOETZE,INR
FMNL,FUTURE MARKET NETWORKS LTD,FMNL,INR
FOCUS,FOCUS LIGHTING &amp; FIXTURES LT,FOCUS_SM,INR
FORCEMOT,FORCE MOTORS LTD,FORCEMOT,INR
FORTIS,FORTIS HEALTHCARE LTD,FORTIS,INR
FOSECOIND,FOSECO INDIA LTD,FOSECOIND,INR
FOURTHDIM,FOURTH DIMENSION SOLUTIONS L,FOURTHDIM_SM,INR
FRETAIL,FUTURE RETAIL LTD,FRETAIL,INR
FSC,FUTURE SUPPLY CHAIN SOLUTION,FSC,INR
FSL,FIRSTSOURCE SOLUTIONS LTD,FSL,INR
GABRIEL,GABRIEL INDIA LTD,GABRIEL,INR
GAEL,GUJARAT AMBUJA EXPORTS LTD,GAEL,INR
GAIL,GAIL INDIA LTD,GAIL,INR
GAL,GYSCOAL ALLOYS LIMITED,GAL,INR
GALAXYSUR,GALAXY SURFACTANTS LTD,GALAXYSURF,INR
GALLANTT,GALLANTT METAL LTD,GALLANTT,INR
GALLISPAT,GALLANTT ISPAT LTD,GALLISPAT,INR
GAMMNINFR,GAMMON INFRASTRUCTURE PROJEC,GAMMNINFRA,INR
GANDHITUB,GANDHI SPECIAL TUBES LTD,GANDHITUBE,INR
GANECOS,GANESHA ECOSPHERE LTD,GANECOS,INR
GANESHHOU,GANESH HOUSING CORP LTD,GANESHHOUC,INR
GANGAFORG,GANGA FORGING LTD,GANGAFORGE_SM,INR
GANGESSEC,GANGES SECURITIES LTD,GANGESSECU,INR
GARDENSIL,GARDEN SILK MILLS LTD,GARDENSILK,INR
GARFIBRES,GARWARE TECHNICAL FIBRES LIMITED,GARFIBRES,INR
GATI,GATI LTD,GATI,INR
GAYAHWS,GAYATRI HIGHWAYS LTD,GAYAHWS_BE,INR
GAYAPROJ,GAYATRI PROJECTS LTD,GAYAPROJ,INR
GDL,GATEWAY DISTRIPARKS LTD,GDL,INR
GEECEE,GEE CEE VENTURES LTD,GEECEE,INR
GEEKAYWIR,GEEKAY WIRES LTD,GEEKAYWIRE_SM,INR
GENESYS,GENESYS INTL CORP LTD,GENESYS,INR
GENUSPAPE,GENUS PAPER &amp; BOARD LTD,GENUSPAPER,INR
GENUSPOWE,GENUS POWER INFRASTRUCTURES,GENUSPOWER,INR
GEOJITFSL,GEOJIT FINANCIAL SERVICES LT,GEOJITFSL,INR
GEPIL,GE POWER INDIA LTD,GEPIL,INR
GESHIP,GREAT EASTERN SHIPPING CO,GESHIP,INR
GETD,GE T&amp;D INDIA LTD,GET&amp;D,INR
GFLLIMITE,GFL LIMITED,GFLLIMITED,INR
GHCL,GHCL LTD,GHCL,INR
GICHSGFIN,GIC HOUSING FINANCE LTD,GICHSGFIN,INR
GICL,GLOBE INTERNATIONAL CARRIERS,GICL_SM,INR
GICRE,GENERAL INS CORP OF INDIA,GICRE,INR
GILLANDER,GILLANDERS ARBUTHNOT &amp; CO,GILLANDERS,INR
GILLETTE,GILLETTE INDIA LTD,GILLETTE,INR
GINNIFILA,GINNI FILAMENTS LTD,GINNIFILA,INR
GIPCL,GUJARAT INDS POWER CO LTD,GIPCL,INR
GIRIRAJ,GIRIRAJ CIVIL DEVELOPERS LTD,GIRIRAJ_SM,INR
GISOLUTIO,GI ENGINEERING SOLUTIONS LTD,GISOLUTION,INR
GKWLIMITE,GKW LTD,GKWLIMITED,INR
GLAXO,GLAXOSMITHKLINE PHARMACEUTIC,GLAXO,INR
GLENMARK,GLENMARK PHARMACEUTICALS LTD,GLENMARK,INR
GLOBAL,GLOBAL EDUCATION LTD,GLOBAL_SM,INR
GLOBALVEC,GLOBAL VECTRA HELICORP LTD,GLOBALVECT,INR
GLOBE,GLOBE TEXTILES INDIA LTD,GLOBE_SM,INR
GLOBOFFS,GLOBAL OFFSHORE SERVICES LTD,GLOBOFFS_BE,INR
GLOBUSSPR,GLOBUS SPIRITS LIMITED,GLOBUSSPR,INR
GMBREW,GM BREWERIES LTD,GMBREW,INR
GMDCLTD,GUJARAT MINERAL DEV CORP LTD,GMDCLTD,INR
GMMPFAUDL,GMM PFAUDLER LTD,GMMPFAUDLR,INR
GMRINFRA,GMR INFRASTRUCTURE LTD,GMRINFRA,INR
GNA,GNA AXLES LTD,GNA,INR
GNFC,GUJARAT NARMADA VALLEY FERT,GNFC,INR
GOACARBON,GOA CARBON LTD,GOACARBON_BE,INR
GOCLCORP,GOCL CORP LTD,GOCLCORP,INR
GODFRYPHL,GODFREY PHILLIPS INDIA LTD,GODFRYPHLP,INR
GODHA,GODHA CABON&amp;INSULATION LTD,GODHA_SM,INR
GODREJAGR,GODREJ AGROVET LTD,GODREJAGRO,INR
GODREJCP,GODREJ CONSUMER PRODUCTS LTD,GODREJCP,INR
GODREJIND,GODREJ INDUSTRIES LTD,GODREJIND,INR
GODREJPRO,GODREJ PROPERTIES LTD,GODREJPROP,INR
GOENKA,GOENKA DIAMOND &amp; JEWELS LTD,GOENKA_BZ,INR
GOKEX,GOKALDAS EXPORTS LTD,GOKEX,INR
GOKUL,GOKUL REFOILS &amp; SOLVENT LTD,GOKUL,INR
GOKULAGRO,GOKUL AGRO RESOURCES LTD,GOKULAGRO,INR
GOLDBEES,NIPPON INDIA ETF GOLD BEES,GOLDBEES,INR
GOLDENTOB,GOLDEN TOBACCO LTD,GOLDENTOBC,INR
GOLDIAM,GOLDIAM INTERNATIONAL LTD,GOLDIAM,INR
GOLDSHARE,UTI GOLD EXCHANGE TRADED FND,GOLDSHARE,INR
GOLDSTAR,GOLDSTAR POWER LTD,GOLDSTAR_SM,INR
GOLDTECH,GOLDSTONE TECHNOLOGIES LTD,GOLDTECH,INR
GOODLUCK,GOODLUCK INDIA LTD,GOODLUCK,INR
GPIL,GODAWARI POWER AND ISPAT LTD,GPIL,INR
GPPL,GUJARAT PIPAVAV PORT LTD,GPPL,INR
GPTINFRA,GPT INFRAPROJETCS LTD,GPTINFRA,INR
GRANULES,GRANULES INDIA LTD,GRANULES,INR
GRAPHITE,GRAPHITE INDIA LTD,GRAPHITE,INR
GRASIM,GRASIM INDUSTRIES LTD,GRASIM,INR
GRAVITA,GRAVITA INDIA LTD,GRAVITA,INR
GREAVESCO,GREAVES COTTON LTD,GREAVESCOT,INR
GREENLAM,GREENLAM INDUSTRIES LIMITED,GREENLAM,INR
GREENPANE,GREENPANEL INDUSTRIES LIMITED,GREENPANEL_BE,INR
GREENPLY,GREENPLY INDUSTRIES LTD,GREENPLY,INR
GREENPOWE,ORIENT GREEN POWER CO LTD,GREENPOWER,INR
GRETEX,GRETEX INDUSTRIES LTD,GRETEX_SM,INR
GRINDWELL,GRINDWELL NORTON LIMITED,GRINDWELL,INR
GROBTEA,GROB TEA CO LTD/ THE,GROBTEA,INR
GRPLTD,GRP LTD,GRPLTD,INR
GRSE,GARDEN REACH SHIPBUILDERS &amp;,GRSE,INR
GSCLCEMEN,GUJARAT SIDHEE CEMENT LTD,GSCLCEMENT,INR
GSFC,GUJARAT STATE FERT &amp; CHEMICA,GSFC,INR
GSKCONS,GLAXOSMITHKLINE CONSUMER HEA,GSKCONS,INR
GSPL,GUJARAT STATE PETRONET LTD,GSPL,INR
GSS,GSS INFOTECH LTD,GSS,INR
GTL,GTL LTD,GTL,INR
GTLINFRA,GTL INFRASTRUCTURE LTD,GTLINFRA,INR
GTNIND,GTN INDUSTRIES LTD,GTNIND,INR
GTNTEX,GTN TEXTILES LIMITED,GTNTEX,INR
GTPL,GTPL HATHWAY LTD,GTPL,INR
GUFICBIO,GUFIC BIOSCIENCES LIMITED,GUFICBIO,INR
GUJALKALI,GUJARAT ALKALIES &amp; CHEMICALS,GUJALKALI,INR
GUJAPOLLO,GUJARAT APOLLO INDUSTRIES LT,GUJAPOLLO,INR
GUJGASLTD,GUJARAT GAS LTD,GUJGASLTD,INR
GULFOILLU,GULF OIL LUBRICANTS INDIA LT,GULFOILLUB,INR
GULFPETRO,GP PETROLEUMS LTD,GULFPETRO,INR
GULPOLY,GULSHAN POLYOLS LTD,GULPOLY_BE,INR
GVKPIL,GVK POWER &amp; INFRASTRUCTURE,GVKPIL,INR
HAL,HINDUSTAN AERONAUTICS LTD,HAL,INR
HARITASEA,HARITA SEATING SYSTEMS LTD,HARITASEAT,INR
HARRMALAY,HARRISONS MALAYALAM LIMITED,HARRMALAYA,INR
HATHWAY,HATHWAY CABLE AND DATACOM,HATHWAY,INR
HATSUN,HATSUN AGRO PRODUCT LTD,HATSUN,INR
HAVELLS,HAVELLS INDIA LTD,HAVELLS,INR
HBLPOWER,HBL POWER SYSTEMS LTD,HBLPOWER,INR
HBSL,HB STOCKHOLDINGS LTD,HBSL,INR
HCC,HINDUSTAN CONSTRUCTION CO,HCC,INR
HCG,HEALTHCARE GLOBAL ENTERPRISE,HCG,INR
HCL-INSYS,HCL INFOSYSTEMS LTD,HCL-INSYS,INR
HCLTECH,HCL TECHNOLOGIES LTD,HCLTECH,INR
HDFC,HOUSING DEVELOPMENT FINANCE,HDFC,INR
HDFCAMC,HDFC ASSET MANAGEMENT CO LTD,HDFCAMC,INR
HDFCBANK,HDFC BANK LIMITED,HDFCBANK,INR
HDFCLIFE,HDFC LIFE INSURANCE CO LTD,HDFCLIFE,INR
HDFCMFGET,HDFC GOLD ETF,HDFCMFGETF,INR
HDFCNIFET,HDFC NIFTY ETF,HDFCNIFETF,INR
HDFCSENET,HDFC SENSEX ETF,HDFCSENETF,INR
HDIL,HOUSING DEVELOPMENT &amp; INFRAS,HDIL,INR
HEG,H.E.G. LIMITED,HEG,INR
HEIDELBER,HEIDELBERGCEMENT INDIA LTD,HEIDELBERG,INR
HERCULES,HERCULES HOISTS LIMITED,HERCULES,INR
HERITGFOO,HERITAGE FOODS LTD,HERITGFOOD,INR
HEROMOTOC,HERO MOTOCORP LIMITED,HEROMOTOCO,INR
HESTERBIO,HESTER BIOSCIENCES LIMITED,HESTERBIO,INR
HEXATRADE,HEXA TRADEX LTD,HEXATRADEX_BE,INR
HEXAWARE,HEXAWARE TECHNOLOGIES LTD,HEXAWARE,INR
HFCL,HFCL LTD,HFCL,INR
HGINFRA,HG INFRA ENGINEERING LTD,HGINFRA,INR
HGS,HINDUJA GLOBAL SOLUTIONS LTD,HGS,INR
HIKAL,HIKAL LTD,HIKAL,INR
HIL,HIL LTD,HIL,INR
HILTON,HILTON METAL FORGING LTD,HILTON,INR
HIMATSEID,HIMATSINGKA SEIDE LIMITED,HIMATSEIDE,INR
HINDALCO,HINDALCO INDUSTRIES LIMITED,HINDALCO,INR
HINDCOMPO,HINDUSTAN COMPOSITES LTD,HINDCOMPOS,INR
HINDCON,HINDCON CHEMICALS LTD,HINDCON_SM,INR
HINDCOPPE,HINDUSTAN COPPER LIMITED,HINDCOPPER,INR
HINDMOTOR,HINDUSTAN MOTORS LTD,HINDMOTORS,INR
HINDNATGL,HINDUSTHAN NATL GLASS &amp; INDU,HINDNATGLS,INR
HINDOILEX,HINDUSTAN OIL EXPLORATION CO,HINDOILEXP,INR
HINDPETRO,HINDUSTAN PETROLEUM CORP,HINDPETRO,INR
HINDSYNTE,HIND SYNTEX LTD,HINDSYNTEX_BE,INR
HINDUJAVE,NXTDIGITAL LTD,HINDUJAVEN,INR
HINDUNILV,HINDUSTAN UNILEVER LTD,HINDUNILVR,INR
HINDZINC,HINDUSTAN ZINC LTD,HINDZINC,INR
HIRECT,HIND RECTIFIERS LIMITED,HIRECT,INR
HISARMETA,HISAR METAL INDUSTRIES LTD,HISARMETAL,INR
HITECH,HI-TECH PIPES LTD,HITECH,INR
HITECHCOR,HITECH CORP LTD,HITECHCORP,INR
HITECHGEA,HI-TECH GEARS LTD/THE,HITECHGEAR,INR
HMT,HMT LIMITED,HMT_BZ,INR
HMVL,HINDUSTAN MEDIA VENTURES LTD,HMVL,INR
HNDFDS,HINDUSTAN FOODS LTD,HNDFDS_BE,INR
HNGSNGBEE,NIPPON INDIA ETF HANG SENG B,HNGSNGBEES,INR
HONAUT,HONEYWELL AUTOMATION INDIA,HONAUT,INR
HONDAPOWE,HONDA SIEL POWER PRODUCTS,HONDAPOWER,INR
HOTELEELA,HOTEL LEELAVENTURE LTD,HOTELEELA,INR
HOTELRUGB,HOTEL RUGBY LTD,HOTELRUGBY_BE,INR
HOVS,HOV SERVICES LTD,HOVS,INR
HPL,HPL ELECTRIC &amp; POWER LTD,HPL,INR
HSCL,HIMADRI SPECIALITY CHEMICAL,HSCL,INR
HSIL,HSIL LTD,HSIL,INR
HTMEDIA,HT MEDIA LTD,HTMEDIA,INR
HUBTOWN,HUBTOWN LIMITED,HUBTOWN,INR
HUDCO,HOUSING &amp; URBAN DEV CORP LTD,HUDCO,INR
HUSYSLTD,HUSYS CONSULTING LTD,HUSYSLTD_SM,INR
IBMFNIFTY,INDIABULLS NIFTY 50 ETF,IBMFNIFTY,INR
IBREALEST,INDIABULLS REAL ESTATE LTD,IBREALEST,INR
IBULHSGFI,INDIABULLS HOUSING FINANCE L,IBULHSGFIN,INR
IBULISL,INDIABULLS INTEGRATED SERVIC,IBULISL,INR
IBVENTURE,INDIABULLS VENTURES LTD,IBVENTURES,INR
ICEMAKE,ICE MAKE REFRIGERATION LTD,ICEMAKE_SM,INR
ICICI500,ICICI PRU S&amp;P BSE 500 ETF,ICICI500,INR
ICICIB22,BHARAT 22 ETF,ICICIB22,INR
ICICIBAN1,ICICI PRUDENTIAL BANK ETF,ICICIBANKN,INR
ICICIBAN2,ICICI PRU PRIVATE BANKS ETF,ICICIBANKP,INR
ICICIBANK,ICICI BANK LTD,ICICIBANK,INR
ICICIGI,ICICI LOMBARD GENERAL INSURA,ICICIGI,INR
ICICIGOLD,ICICI PRUDENTIAL GOLD ETF,ICICIGOLD,INR
ICICILOVO,ICI-NIFTY LOWVOL 30 ETF,ICICILOVOL,INR
ICICIMCAP,ICICI PRU MIDCAP SEL ETF,ICICIMCAP,INR
ICICINF10,ICICI PRU NIFTY 100 ETF,ICICINF100,INR
ICICINIFT,ICICI PRUDENTIAL NIFTY ETF,ICICINIFTY,INR
ICICINV20,ICICI PRUD NV20 ETF,ICICINV20,INR
ICICINXT5,ICICI PRU NIFTY NEXT 50 ETF,ICICINXT50,INR
ICICIPRUL,ICICI PRUDENTIAL LIFE INSURA,ICICIPRULI,INR
ICICISENS,ICICI PRUDENTIAL SENSEX ETF,ICICISENSX,INR
ICIL,INDO COUNT INDUSTRIES LTD,ICIL,INR
ICRA,ICRA LIMITED,ICRA,INR
IDBI,IDBI BANK LIMITED,IDBI,INR
IDBIGOLD,IDBI GOLD ETF,IDBIGOLD,INR
IDEA,VODAFONE IDEA LTD,IDEA,INR
IDFC,IDFC LTD,IDFC,INR
IDFCFIRST,IDFC FIRST BANK LTD,IDFCFIRSTB,INR
IDFNIFTYE,IDFC NIFTY ETF,IDFNIFTYET,INR
IEX,INDIAN ENERGY EXCHANGE LTD,IEX,INR
IFBAGRO,IFB AGRO INDUSTRIES LTD,IFBAGRO,INR
IFBIND,IFB INDUSTRIES LIMITED,IFBIND,INR
IFCI,IFCI LIMITED,IFCI,INR
IFGLEXPOR,IFGL REFRACTORIES LTD,IFGLEXPOR,INR
IGARASHI,IGARASHI MOTORS INDIA LTD,IGARASHI,INR
IGL,INDRAPRASTHA GAS LTD,IGL,INR
IGPL,I.G. PETROCHEMICALS LTD,IGPL,INR
IIFL,IIFL FINANCE LTD,IIFL,INR
IIFLSEC,IIFL SECURITIES LIMITED,IIFLSEC,INR
IIFLWAM,IIFL WEALTH MANAGEMENT LIMITED,IIFLWAM,INR
IITL,INDUSTRIAL INVESTMENT TRUST,IITL_BE,INR
ILFSENGG,IL&amp;FS ENGINEERING AND CONSTR,IL&amp;FSENGG_BZ,INR
ILFSTRANS,IL&amp;FS TRANSPORTATION NETWORK,IL&amp;FSTRANS_BZ,INR
IMFA,INDIAN METALS &amp; FERRO ALLOY,IMFA,INR
IMPAL,INDIA MOTOR PARTS &amp; ACCESSOR,IMPAL,INR
IMPEXFERR,IMPEX FERRO TECH LTD,IMPEXFERRO_BE,INR
INDBANK,INDBANK MERCHANT BANKING SER,INDBANK,INR
INDHOTEL,INDIAN HOTELS CO LIMITED,INDHOTEL,INR
INDIACEM,INDIA CEMENTS LIMITED,INDIACEM,INR
INDIAGLYC,INDIA GLYCOLS LTD,INDIAGLYCO,INR
INDIAMART,INDIAMART INTERMESH LTD,INDIAMART,INR
INDIANB,INDIAN BANK,INDIANB,INR
INDIANCAR,INDIAN CARD CLOTHING CO LTD,INDIANCARD_BE,INR
INDIANHUM,INDIAN HUME PIPE CO LIMITED,INDIANHUME,INR
INDIGO,INTERGLOBE AVIATION LTD,INDIGO,INR
INDIGRID,INDIA GRID TRUST,INDIGRID_IV,INR
INDINFR,INDINFRAVIT TRUST,INDINFR_IV,INR
INDLMETER,IMP POWERS LIMITED,INDLMETER,INR
INDNIPPON,INDIA NIPPON ELECTRICALS LTD,INDNIPPON,INR
INDOCO,INDOCO REMEDIES LTD,INDOCO,INR
INDORAMA,INDO RAMA SYNTHETICS (I),INDORAMA,INR
INDOSOLAR,INDOSOLAR LIMITED,INDOSOLAR_BZ,INR
INDOSTAR,INDOSTAR CAPITAL FINANCE LTD,INDOSTAR,INR
INDOTECH,INDO TECH TRANSFORMERS LTD,INDOTECH,INR
INDOTHAI,INDO THAI SECURITIES LTD,INDOTHAI,INR
INDOWIND,INDOWIND ENERGY LTD,INDOWIND,INR
INDRAMEDC,INDRAPRASTHA MEDICAL CORP LT,INDRAMEDCO,INR
INDSWFTLA,IND-SWIFT LABORATORIES LTD,INDSWFTLAB_BE,INR
INDSWFTLT,IND SWIFT LTD,INDSWFTLTD,INR
INDTERRAI,INDIAN TERRAIN FASHIONS LTD,INDTERRAIN,INR
INDUSINDB,INDUSIND BANK LIMITED,INDUSINDBK,INR
INEOSSTYR,INEOS STYROLUTION INDIA LTD,INEOSSTYRO,INR
INFIBEAM,INFIBEAM AVENUES LTD,INFIBEAM,INR
INFOBEAN,INFOBEANS TECHNOLOGIES LTD,INFOBEAN,INR
INFRABEES,NIPPON INDIA ETF INFRA BEES,INFRABEES,INR
INFRATEL,BHARTI INFRATEL LTD,INFRATEL,INR
INFY,INFOSYS LTD,INFY,INR
INGERRAND,INGERSOLL-RAND INDIA LTD,INGERRAND,INR
INNOVANA,INNOVANA THINKLABS LTD,INNOVANA_SM,INR
INNOVATIV,INNOVATIVE TYRES &amp; TUBES LTD,INNOVATIVE_SM,INR
INOXLEISU,INOX LEISURE LTD,INOXLEISUR,INR
INOXWIND,INOX WIND LTD,INOXWIND,INR
INSECTICI,INSECTICIDES INDIA LTD,INSECTICID,INR
INSPIRISY,INSPIRISYS SOLUTIONS LTD,INSPIRISYS,INR
INTEGRA,INTEGRA GARMENTS AND TEXTILE,INTEGRA_BE,INR
INTELLECT,INTELLECT DESIGN ARENA LTD,INTELLECT,INR
INTENTECH,INTENSE TECHNOLOGIES LTD,INTENTECH,INR
INVENTURE,INVENTURE GROWTH &amp; SECURITIE,INVENTURE,INR
IOB,INDIAN OVERSEAS BANK,IOB,INR
IOC,INDIAN OIL CORPORATION LTD,IOC,INR
IOLCP,IOL CHEMICALS AND PHARMA LTD,IOLCP,INR
IPAPPM,INTERNATIONAL PAPER APPM LTD,IPAPPM,INR
IPCALAB,IPCA LABORATORIES LIMITED,IPCALAB,INR
IRB,IRB INFRASTRUCTURE DEVELOPER,IRB,INR
IRBINVIT,IRB INVIT FUND,IRBINVIT_IV,INR
IRCON,IRCON INTERNATIONAL LTD,IRCON,INR
IRCTC,INDIAN RAILWAY CATERING &amp; TO,IRCTC,INR
IRISDOREM,IRIS CLOTHINGS LTD,IRISDOREME_SM,INR
ISEC,ICICI SECURITIES LTD,ISEC,INR
ISFT,INTRASOFT TECHNOLOGIES LTD,ISFT_BE,INR
ISMTLTD,ISMT LTD,ISMTLTD,INR
ITC,ITC LTD,ITC,INR
ITDC,INDIA TOURISM DEVELOPMENT,ITDC,INR
ITDCEM,ITD CEMENTATION INDIA LTD,ITDCEM,INR
ITI,ITI LIMITED,ITI,INR
IVC,IL &amp; FS INVESTMENT MANAGERS,IVC,INR
IVP,IVP LIMITED,IVP,INR
IVZINGOLD,INVESCO INDIA GOLD ETF,IVZINGOLD,INR
IVZINNIFT,INVESCO INDIA NIFTY ETF,IVZINNIFTY,INR
IZMO,IZMO LTD,IZMO,INR
JAGRAN,JAGRAN PRAKASHAN LIMITED,JAGRAN,INR
JAGSNPHAR,JAGSONPAL PHARMACEUTICALS,JAGSNPHARM,INR
JAIBALAJI,JAI BALAJI INDUSTRIES LTD,JAIBALAJI,INR
JAICORPLT,JAI CORPORATION LTD,JAICORPLTD,INR
JAIHINDPR,JAIHIND PROJECTS LIMITED,JAIHINDPRO_BZ,INR
JAINSTUDI,JAIN STUDIOS LTD,JAINSTUDIO_BE,INR
JAKHARIA,JAKHARIA FABRIC PVT LTD,JAKHARIA_SM,INR
JALAN,JALAN TRANSOLUTIONS INDIA LT,JALAN_SM,INR
JAMNAAUTO,JAMNA AUTO INDUSTRIES LTD,JAMNAAUTO,INR
JASH,JASH ENGINEERING LTD,JASH,INR
JAYAGROGN,JAYANT AGRO-ORGANICS LTD,JAYAGROGN,INR
JAYBARMAR,JAY BHARAT MARUTI LIMITED,JAYBARMARU,INR
JAYNECOIN,JAYASWAL NECO INDUSTRIES LTD,JAYNECOIND,INR
JAYSREETE,JAYSHREE TEA &amp; INDUSTRIES,JAYSREETEA,INR
JBCHEPHAR,J.B. CHEMICALS &amp; PHARMA LTD,JBCHEPHARM,INR
JBFIND,JBF INDUSTRIES LIMITED,JBFIND,INR
JBMA,JBM AUTO LTD,JBMA,INR
JCHAC,JOHNSON CONTROLS HITACHI AIR,JCHAC,INR
JCTLTD,JCT LTD,500223,INR
JETAIRWAY,JET AIRWAYS INDIA LTD,JETAIRWAYS_BZ,INR
JETFREIGH,JET FREIGHT LOGISTICS LTD,JETFREIGHT_SM,INR
JETKNIT,JET KNITWEARS LTD,JETKNIT_SM,INR
JHS,JHS SVENDGAARD LABORATORIES,JHS,INR
JINDALPHO,JINDAL PHOTO LIMITED,JINDALPHOT_BE,INR
JINDALPOL,JINDAL POLY FILMS LTD,JINDALPOLY,INR
JINDALSAW,JINDAL SAW LTD,JINDALSAW,INR
JINDALSTE,JINDAL STEEL &amp; POWER LTD,JINDALSTEL,INR
JINDCOT,JINDAL COTEX LIMITED,JINDCOT_BE,INR
JINDRILL,JINDAL DRILLING &amp; INDUS LTD,JINDRILL,INR
JINDWORLD,JINDAL WORLDWIDE LTD,JINDWORLD,INR
JISLDVREQ,JAIN IRRIGATION SYSTEMS-DVR,JISLDVREQS,INR
JISLJALEQ,JAIN IRRIGATION SYSTEMS LTD,JISLJALEQS,INR
JITFINFRA,JITF INFRALOGISTICS LTD,JITFINFRA_BE,INR
JIYAECO,JIYA ECO-PRODUCTS LTD,JIYAECO,INR
JKBANK,JAMMU &amp; KASHMIR BANK LTD,J&amp;KBANK,INR
JKCEMENT,JK CEMENT LTD,JKCEMENT,INR
JKIL,J.KUMAR INFRAPROJECTS LTD,JKIL,INR
JKLAKSHMI,J.K. LAKSHMI CEMENT LIMITED,JKLAKSHMI,INR
JKPAPER,JK PAPER LTD,JKPAPER,INR
JKTYRE,JK TYRE &amp; INDUSTRIES LTD,JKTYRE,INR
JMA,JULLUNDUR MOTOR AGENCY DELHI,JMA,INR
JMCPROJEC,JMC PROJECTS (INDIA) LIMITED,JMCPROJECT,INR
JMFINANCI,JM FINANCIAL LTD,JMFINANCIL,INR
JMTAUTOLT,JMT AUTO LTD,JMTAUTOLTD,INR
JOCIL,JOCIL LTD,JOCIL,INR
JPASSOCIA,JAIPRAKASH ASSOCIATES LTD,JPASSOCIAT,INR
JPINFRATE,JAYPEE INFRATECH LTD,JPINFRATEC,INR
JPOLYINVS,JINDAL POLY INVESTMENTS AND,JPOLYINVST,INR
JPPOWER,JAIPRAKASH POWER VENTURES LT,JPPOWER,INR
JSL,JINDAL STAINLESS LTD,JSL,INR
JSLHISAR,JINDAL STAINLESS HISAR LTD,JSLHISAR,INR
JSWENERGY,JSW ENERGY LIMITED,JSWENERGY,INR
JSWHL,JSW HOLDINGS LTD,JSWHL,INR
JSWSTEEL,JSW STEEL LTD,JSWSTEEL,INR
JTEKTINDI,JTEKT INDIA LIMITED,JTEKTINDIA,INR
JUBILANT,JUBILANT LIFE SCIENCES LTD.,JUBILANT,INR
JUBLFOOD,JUBILANT FOODWORKS LTD,JUBLFOOD,INR
JUBLINDS,JUBILANT INDUSTRIES LTD,JUBLINDS,INR
JUMPNET,JUMP NETWORKS LTD,JUMPNET,INR
JUNIORBEE,NIPPON INDIA ETF JUNIOR BEES,JUNIORBEES,INR
JUSTDIAL,JUST DIAL LTD,JUSTDIAL,INR
JVLAGRO,JVL AGRO INDUSTRIES LTD,JVLAGRO_BZ,INR
JYOTHYLAB,JYOTHY LABS LTD,JYOTHYLAB,INR
KABRAEXTR,KABRA EXTRUSIONS TECHNIK LTD,KABRAEXTRU,INR
KAJARIACE,KAJARIA CERAMICS LIMITED,KAJARIACER,INR
KAKATCEM,KAKATIYA CEMENT SUGAR &amp; IND,KAKATCEM,INR
KALPATPOW,KALPATARU POWER TRANSMISSION,KALPATPOWR,INR
KALYANIFR,KALYANI FORGE LIMITED,KALYANIFRG_BE,INR
KAMATHOTE,KAMAT HOTELS (INDIA),KAMATHOTEL,INR
KAMDHENU,KAMDHENU LTD,KAMDHENU,INR
KANANIIND,KANANI INDUSTRIES LTD,KANANIIND,INR
KANORICHE,KANORIA CHEMICALS &amp; INDS,KANORICHEM,INR
KANSAINER,KANSAI NEROLAC PAINTS LTD,KANSAINER,INR
KANSHST,KANISHK STEEL INDUSTRIES,513456_BE,INR
KAPSTON,KAPSTON FACILITIES MANAGEMEN,KAPSTON_SM,INR
KARDA,KARDA CONSTRUCTIONS LTD,KARDA,INR
KARMAENG,KARMA ENERGY LTD,KARMAENG,INR
KARURVYSY,KARUR VYSYA BANK LTD,KARURVYSYA,INR
KAUSHALYA,KAUSHALYA INFRASTRUCTURE DEV,KAUSHALYA_BE,INR
KAVVERITE,KAVVERI TELECOM PRODUCTS LTD,KAVVERITEL_BE,INR
KAYA,KAYA LTD,KAYA,INR
KCP,KCP LTD,KCP,INR
KCPSUGIND,KCP SUGAR &amp; INDUSTRIES CORP,KCPSUGIND,INR
KDDL,KDDL LTD,KDDL,INR
KEC,KEC INTERNATIONAL LTD,KEC,INR
KECL,KIRLOSKAR ELECTRIC CO LTD,KECL,INR
KEERTI,KEERTI KNOWLEDGE &amp; SKILLS LT,KEERTI_SM,INR
KEI,KEI INDUSTRIES LIMITED,KEI,INR
KELLTONTE,KELLTON TECH SOLUTIONS LTD,KELLTONTEC,INR
KENNAMET,KENNAMETAL INDIA LTD,KENNAMET,INR
KERNEX,KERNEX MICROSYSTEMS (I) LTD,KERNEX_BE,INR
KESARENT,KESAR ENTERPRISES LIMITED,KESARENT,INR
KESORAMIN,KESORAM INDUSTRIES LIMITED,KESORAMIND,INR
KEYFINSER,KEYNOTE FINANCIAL SERVICES L,KEYFINSERV,INR
KGL,KARUTURI GLOBAL LTD,KGL_BE,INR
KHADIM,KHADIM INDIA LTD,KHADIM,INR
KHAITANLT,KHAITAN INDIA LIMITED,KHAITANLTD_BE,INR
KHANDSE,KHANDWALA SECURITIES LTD,KHANDSE_BE,INR
KHFM,KHFM HOSPITALITY AND FACILIT,KHFM_SM,INR
KICL,KALYANI INVESTMENT CO LTD,KICL,INR
KILITCH,KILITCH DRUGS (INDIA) LTD,KILITCH,INR
KINGFA,KINGFA SCIENCE &amp; TECHNOLOGY,KINGFA,INR
KIOCL,KIOCL LTD,KIOCL,INR
KIRIINDUS,KIRI INDUSTRIES LIMITED,KIRIINDUS,INR
KIRLOSBRO,KIRLOSKAR BROTHERS LTD,KIRLOSBROS,INR
KIRLOSENG,KIRLOSKAR OIL ENGINES LTD,KIRLOSENG,INR
KIRLOSIND,KIRLOSKAR INDUSTRIES LTD,KIRLOSIND,INR
KISAN,KISAN MOULDINGS LIMITED,530145_BE,INR
KITEX,KITEX GARMENTS LIMITED,KITEX,INR
KKCL,KEWAL KIRAN CLOTHING LTD,KKCL,INR
KKVAPOW,KKV AGRO POWERS LTD,KKVAPOW_SM,INR
KMSUGAR,KM SUGAR MILLS LTD,KMSUGAR,INR
KNRCON,KNR CONSTRUCTIONS LTD,KNRCON,INR
KOHINOOR,KOHINOOR FOODS LIMITED,KOHINOOR_BE,INR
KOKUYOCML,KOKUYO CAMLIN LIMITED,KOKUYOCMLN,INR
KOLTEPATI,KOLTE-PATIL DEVELOPERS LTD,KOLTEPATIL,INR
KOPRAN,KOPRAN LIMITED,KOPRAN,INR
KOTAKBANK,KOTAK MAHINDRA BANK LTD,KOTAKBANK,INR
KOTAKBKET,KOTAK BANKING ETF,KOTAKBKETF,INR
KOTAKGOLD,KOTAK GOLD ETF,KOTAKGOLD,INR
KOTAKNIFT,KOTAK NIFTY 50,KOTAKNIFTY,INR
KOTAKNV20,KOTAK NV 20 ETF,KOTAKNV20,INR
KOTAKPSUB,KOTAK PSU BANK ETF,KOTAKPSUBK,INR
KOTARISUG,KOTHARI SUGARS &amp; CHEMICALS,KOTARISUG,INR
KOTHARIPE,KOTHARI PETROCHEMICALS LTD,KOTHARIPET,INR
KOTHARIPR,KOTHARI PRODUCTS LTD,KOTHARIPRO,INR
KPITTECH,KPIT TECHNOLOGIES LTD,KPITTECH,INR
KPRMILL,KPR MILL LTD,KPRMILL,INR
KRBL,KRBL LIMITED,KRBL,INR
KREBSBIO,KREBS BIOCHEMICALS &amp; INDUSTR,KREBSBIO,INR
KRIDHANIN,KRIDHAN INFRA LTD,KRIDHANINF,INR
KRISHANA,KRISHANA PHOSCHEM LTD,KRISHANA,INR
KRITIKA,KRITIKA WIRES LTD,KRITIKA_SM,INR
KSB,KSB LTD,KSB,INR
KSCL,KAVERI SEED CO LTD,KSCL,INR
KSERASERA,KSS LTD,KSERASERA_BE,INR
KSHITIJPO,KSHITIJ POLYLINE LTD,KSHITIJPOL_SM,INR
KSK,KSK ENERGY VENTURES LIMITED,KSK,INR
KSL,KALYANI STEELS LTD,KSL,INR
KTIL,KESAR TERMINALS &amp; INFRASTRUC,KTIL,INR
KTKBANK,KARNATAKA BANK LTD,KTKBANK,INR
KUANTUM,KUANTUM PAPERS LTD,KUANTUM,INR
KWALITY,KWALITY LTD,KWALITY_BE,INR
LAGNAM,LAGNAM SPINTEX LTD,LAGNAM_SM,INR
LAKPRE,LAKSHMI PRECISION SCREWS,LAKPRE_BZ,INR
LAKSHVILA,LAKSHMI VILAS BANK LTD,LAKSHVILAS,INR
LALPATHLA,DR LAL PATHLABS LTD,LALPATHLAB,INR
LAMBODHAR,LAMBODHARA TEXTILE LTD,LAMBODHARA,INR
LAOPALA,LA OPALA RG LTD,LAOPALA,INR
LASA,LASA SUPERGENERICS LTD,LASA_BE,INR
LATTEYS,LATTEYS INDUSTRIES LTD,LATTEYS_SM,INR
LAURUSLAB,LAURUS LABS LTD,LAURUSLABS,INR
LAXMICOT,LAXMI COTSPIN LTD,LAXMICOT_SM,INR
LAXMIMACH,LAKSHMI MACHINE WORKS LTD,LAXMIMACH,INR
LEMONTREE,LEMON TREE HOTELS LTD,LEMONTREE,INR
LEXUS,LEXUS GRANITO INDIA LTD,LEXUS_SM,INR
LFIC,LAKSHMI FINANCE &amp; INDUSTRIAL,LFIC,INR
LGBBROSLT,L.G. BALAKRISHNAN &amp; BROS LTD,LGBBROSLTD,INR
LGBFORGE,LGB FORGE LTD,LGBFORGE,INR
LIBAS,LIBAS DESIGNS LTD,LIBAS,INR
LIBERTSHO,LIBERTY SHOES LIMITED,LIBERTSHOE,INR
LICHSGFIN,LIC HOUSING FINANCE LTD,LICHSGFIN,INR
LICNETFGS,LIC MF G-SEC LONG TERM ETF,LICNETFGSC,INR
LICNETFN5,LIC MF ETF-NIFTY 50,LICNETFN50,INR
LICNETFSE,LIC MF ETF-SENSEX,LICNETFSEN,INR
LICNFNHGP,LIC MF ETF-NIFTY 100,LICNFNHGP,INR
LINCOLN,LINCOLN PHARMACEUTICALS LTD,LINCOLN,INR
LINCPEN,LINC PEN &amp; PLASTICS LTD,LINCPEN,INR
LINDEINDI,LINDE INDIA LTD,LINDEINDIA,INR
LIQUIDBEE,NIPPON INDIA ETF LIQUID BEES,LIQUIDBEES,INR
LIQUIDETF,DSP LIQUID ETF,LIQUIDETF,INR
LOKESHMAC,LOKESH MACHINES LTD,LOKESHMACH,INR
LOTUSEYE,LOTUS EYE HOSPITAL AND INSTI,LOTUSEYE,INR
LOVABLE,LOVABLE LINGERIE LTD,LOVABLE,INR
LPDC,LANDMARK PROPERTY DEV CO LTD,LPDC,INR
LSIL,LLOYDS STEELS INDUSTRIES LTD,LSIL,INR
LT,LARSEN &amp; TOUBRO LIMITED,LT,INR
LTFH,L&amp;T FINANCE HOLDINGS LTD,L&amp;TFH,INR
LTI,LARSEN &amp; TOUBRO INFOTECH LTD,LTI,INR
LTTS,L&amp;T TECHNOLOGY SERVICES LTD,LTTS,INR
LUMAXIND,LUMAX INDUSTRIES LIMITED,LUMAXIND,INR
LUMAXTECH,LUMAX AUTO TECHNOLOGIES LTD,LUMAXTECH,INR
LUPIN,LUPIN LTD,LUPIN,INR
LUXIND,LUX INDUSTRIES LTD,LUXIND,INR
LYKALABS,LYKA LABS LIMITED,LYKALABS,INR
LYPSAGEMS,LYPSA GEMS &amp; JEWELLERY LTD,LYPSAGEMS,INR
M100,MOTILAL OSWAL MIDCAP 100,M100,INR
M50,MOTILAL OSWAL MOST SHARES 50,M50,INR
MAANALU,MAAN ALUMINIUM LTD,MAANALU,INR
MACPOWER,MACPOWER CNC MACHINES LTD,MACPOWER_SM,INR
MADHAV,MADHAV GRANITE &amp; REALTY LTD,MADHAV,INR
MADHUCON,MADHUCON PROJECTS LIMITED,MADHUCON,INR
MADRASFER,MADRAS FERTILIZERS LTD,MADRASFERT,INR
MAGADSUGA,MAGADH SUGAR &amp; ENERGY LTD,MAGADSUGAR,INR
MAGMA,MAGMA FINCORP LTD,MAGMA,INR
MAGNUM,MAGNUM VENTURES LIMITED,MAGNUM_BE,INR
MAHABANK,BANK OF MAHARASHTRA,MAHABANK,INR
MAHASTEEL,MAHAMAYA STEEL INDUSTRIES,MAHASTEEL,INR
MAHESHWAR,MAHESHWARI LOGISTICS LTD,MAHESHWARI,INR
MAHICKRA,MAHICKRA CHEMICALS LTD,MAHICKRA_SM,INR
MAHINDCIE,MAHINDRA CIE AUTOMOTIVE LTD,MAHINDCIE,INR
MAHLIFE,MAHINDRA LIFESPACE DEVELOPER,MAHLIFE,INR
MAHLOG,MAHINDRA LOGISTICS LTD,MAHLOG,INR
MAHSCOOTE,MAHARASHTRA SCOOTERS LTD,MAHSCOOTER,INR
MAHSEAMLE,MAHARASHTRA SEAMLESS LTD,MAHSEAMLES,INR
MAITHANAL,MAITHAN ALLOYS LTD,MAITHANALL,INR
MAJESCO,MAJESCO LTD,MAJESCO,INR
MALUPAPER,MALU PAPER MILLS LIMITED,MALUPAPER,INR
MAN50ETF,MIRAE ASSET NIFTY 50 ETF,MAN50ETF,INR
MANAKALUC,MANAKSIA ALUMINIUM CO LTD,MANAKALUCO,INR
MANAKCOAT,MANAKSIA COATED METALS &amp; IND,MANAKCOAT,INR
MANAKSIA,MANAKSIA LIMITED,MANAKSIA,INR
MANAKSTEE,MANAKSIA STEELS LTD,MANAKSTEEL,INR
MANALIPET,MANALI PETROCHEMICALS LTD,MANALIPETC,INR
MANAPPURA,MANAPPURAM FINANCE LTD,MANAPPURAM,INR
MANAV,MANAV INFRA PROJECTS LTD,MANAV_SM,INR
MANGALAM,MANGALAM DRUGS AND ORGANICS,MANGALAM,INR
MANGCHEFE,MANGALORE CHEMICALS &amp; FERT,MANGCHEFER,INR
MANGLMCEM,MANGALAM CEMENT LIMITED,MANGLMCEM,INR
MANGTIMBE,MANGALAM TIMBER PRODUCTS LTD,MANGTIMBER_BE,INR
MANINDS,MAN INDUSTRIES (INDIA) LTD,MANINDS,INR
MANINFRA,MAN INFRACONSTRUCTION LTD,MANINFRA,INR
MANPASAND,MANPASAND BEVERAGES LTD,MANPASAND_BZ,INR
MANUGRAPH,MANUGRAPH INDIA LTD,MANUGRAPH,INR
MARALOVER,MARAL OVERSEAS LIMITED,MARALOVER,INR
MARATHON,MARATHON NEXTGEN REALTY LTD,MARATHON,INR
MARICO,MARICO LIMITED,MARICO,INR
MARINE,MARINE ELECTRICALS INDIA LTD,MARINE_SM,INR
MARKSANS,MARKSANS PHARMA LIMITED,MARKSANS,INR
MARSHALL,MARSHALL MACHINES LTD,MARSHALL_SM,INR
MARUTI,MARUTI SUZUKI INDIA LTD,MARUTI,INR
MASFIN,MAS FINANCIAL SERVICES LTD,MASFIN,INR
MASTEK,MASTEK LIMITED,MASTEK,INR
MATRIMONY,MATRIMONY.COM LTD,MATRIMONY,INR
MAWANASUG,MAWANA SUGARS LTD,MAWANASUG,INR
MAXINDIA,MAX INDIA LTD-NEW SPUN OFF,MAXINDIA,INR
MAXVIL,MAX VENTURES &amp;INDUSTRIES LTD,MAXVIL,INR
MAYURUNIQ,MAYUR UNIQUOTERS LTD,MAYURUNIQ,INR
MAZDA,MAZDA LTD,MAZDA,INR
MBAPL,MADHYA BHARAT AGRO PRODUCTS,MBAPL,INR
MBECL,MCNALLY BHARAT ENGINEERING,MBECL_BE,INR
MBLINFRA,MBL INFRASTRUCTURES LIMITED,MBLINFRA_BE,INR
MCDHOLDIN,MCDOWELL HOLDINGS LTD,MCDHOLDING,INR
MCDOWELL-,UNITED SPIRITS LTD,MCDOWELL-N,INR
MCL,MADHAV COPPER LTD,MCL_SM,INR
MCLEODRUS,MCLEOD RUSSEL INDIA LIMITED,MCLEODRUSS,INR
MCX,MULTI COMMODITY EXCH INDIA,MCX,INR
MDL,MARVEL DECOR LTD,MDL_SM,INR
MEGASOFT,MEGASOFT LTD,MEGASOFT,INR
MEGH,MEGHMANI ORGANICS LTD,MEGH,INR
MELSTAR,MELSTAR INFORMATION TECH LTD,MELSTAR_BE,INR
MENONBE,MENON BEARINGS LTD,MENONBE,INR
MEP,MEP INFRASTRUCTURE DVLPRS LT,MEP,INR
MERCATOR,MERCATOR LTD,MERCATOR,INR
METALFORG,METALYST FORGINGS LTD,METALFORGE,INR
METKORE,METKORE ALLOYS INDUSTRIES LT,METKORE_BZ,INR
METROPOLI,METROPOLIS HEALTHCARE LTD,METROPOLIS,INR
MFSL,MAX FINANCIAL SERVICES LTD,MFSL,INR
MGL,MAHANAGAR GAS LTD,MGL,INR
MHHL,MOHINI HEALTH &amp; HYGIENE LTD,MHHL_SM,INR
MHRIL,MAHINDRA HOLIDAYS &amp; RESORTS,MHRIL,INR
MIC,MIC ELECTRONICS LIMITED,MIC_BE,INR
MIDHANI,MISHRA DHATU NIGAM LTD,MIDHANI,INR
MILTON,MILTON INDUSTRIES LTD,MILTON_SM,INR
MINDACORP,MINDA CORP LTD,MINDACORP,INR
MINDAIND,MINDA INDUSTRIES LTD,MINDAIND,INR
MINDPOOL,MINDPOOL TECHNOLOGIES LTD,MINDPOOL_SM,INR
MINDTECK,MINDTECK (INDIA) LIMITED,MINDTECK,INR
MINDTREE,MINDTREE LIMITED,MINDTREE,INR
MIRCELECT,MIRC ELECTRONICS LIMITED,MIRCELECTR,INR
MIRZAINT,MIRZA INTERNATIONAL LTD,MIRZAINT,INR
MITCON,MITCON CONSULTANCY &amp; ENGINEE,MITCON_SM,INR
MITTAL,MITTAL LIFE STYLE LTD,MITTAL_SM,INR
MKPL,M K PROTEINS LTD,MKPL_SM,INR
MM,MAHINDRA &amp; MAHINDRA LIMITED,M&amp;M,INR
MMFIN,MAHINDRA &amp; MAHINDRA FIN SECS,M&amp;MFIN,INR
MMFL,M.M. FORGINGS LTD,MMFL,INR
MMP,MMP INDUSTRIES LTD,MMP_SM,INR
MMTC,MMTC LTD,MMTC,INR
MOHITIND,MOHIT INDUSTRIES LTD,MOHITIND,INR
MOHOTAIND,MOHOTA INDUSTRIES LTD,MOHOTAIND,INR
MOIL,MOIL LTD,MOIL,INR
MOKSH,MOKSH ORNAMENTS LTD,MOKSH_SM,INR
MOLDTECH,MOLD-TEK TECHNOLOGIES LTD,MOLDTECH,INR
MOLDTKPAC,MOLD-TEK PACKAGING LTD,MOLDTKPAC,INR
MONTECARL,MONTE CARLO FASHIONS LTD,MONTECARLO,INR
MORARJEE,MORARJEE TEXTILES LTD,MORARJEE,INR
MOREPENLA,MOREPEN LABORATORIES LTD,MOREPENLAB,INR
MOTHERSUM,MOTHERSON SUMI SYSTEMS LTD,MOTHERSUMI,INR
MOTILALOF,MOTILAL OSWAL FINANCIAL SERV,MOTILALOFS,INR
MOTOGENFI,MOTOR &amp; GENERAL FINANCE LTD,MOTOGENFIN,INR
MPHASIS,MPHASIS LIMITED,MPHASIS,INR
MPSLTD,MPS LTD,MPSLTD,INR
MPTODAY,MADHYA PRADESH TODAY MEDIA L,MPTODAY_SM,INR
MRF,MRF LIMITED,MRF,INR
MRO-TEK,MRO-TEK REALTY LTD,MRO-TEK_BE,INR
MRPL,MANGALORE REFINERY &amp; PETRO,MRPL,INR
MSPL,MSP STEEL &amp; POWER LTD,MSPL,INR
MSTCLTD,MSTC LTD,MSTCLTD,INR
MTEDUCARE,MT EDUCARE LTD,MTEDUCARE,INR
MTNL,MAHANAGAR TELEPHONE NIGAM,MTNL_BE,INR
MUKANDENG,MUKAND ENGINEERS LIMITED,MUKANDENGG,INR
MUKANDLTD,MUKAND LIMITED,MUKANDLTD,INR
MUKTAARTS,MUKTA ARTS LTD,MUKTAARTS,INR
MUNJALAU,MUNJAL AUTO INDUSTRIES LTD,MUNJALAU,INR
MUNJALSHO,MUNJAL SHOWA LIMITED,MUNJALSHOW,INR
MURUDCERA,MURUDESHWAR CERAMICS LTD.,MURUDCERA,INR
MUTHOOTCA,MUTHOOT CAPITAL SERVICES LTD,MUTHOOTCAP,INR
MUTHOOTFI,MUTHOOT FINANCE LTD,MUTHOOTFIN,INR
MVL,MVL LTD,MVL_BE,INR
N100,MOTILAL OSWAL MOST-NASDA-100,N100,INR
NACLIND,NACL INDUSTRIES LTD,NACLIND,INR
NAGAFERT,NAGARJUNA FERTILIZERS &amp; CHEM,NAGAFERT_BE,INR
NAGAROIL,NAGARJUNA OIL REFINERY LTD,NAGAROIL_BE,INR
NAGREEKCA,NAGREEKA CAPITAL &amp; INFRASTRU,NAGREEKCAP_BE,INR
NAGREEKEX,NAGREEKA EXPORTS LIMITED,NAGREEKEXP,INR
NAHARCAP,NAHAR CAPITAL AND FIN SVCS,NAHARCAP,INR
NAHARINDU,NAHAR INDUSTRIAL ENTERPRISES,NAHARINDUS,INR
NAHARPOLY,NAHAR POLY FILMS LTD,NAHARPOLY,INR
NAHARSPIN,NAHAR SPINNING MILLS LTD,NAHARSPING,INR
NANDANI,NANDANI CREATION LTD,NANDANI_SM,INR
NARMADA,NARMADA AGROBASE LTD,NARMADA_SM,INR
NATCOPHAR,NATCO PHARMA LTD,NATCOPHARM,INR
NATHBIOGE,NATH BIO-GENES INDIA LTD,NATHBIOGEN,INR
NATIONALU,NATIONAL ALUMINIUM CO LTD,NATIONALUM,INR
NATNLSTEE,NATIONAL STEEL &amp; AGRO INDUST,NATNLSTEEL_BE,INR
NAUKRI,INFO EDGE INDIA LTD,NAUKRI,INR
NAVINFLUO,NAVIN FLUORINE INTERNATIONAL,NAVINFLUOR,INR
NAVKARCOR,NAVKAR CORP LTD,NAVKARCORP,INR
NAVNETEDU,NAVNEET EDUCATION LTD,NAVNETEDUL,INR
NBCC,NBCC INDIA LTD,NBCC,INR
NBIFIN,NBI INDUSTRIAL FINANCE CO LT,NBIFIN,INR
NBVENTURE,NAVA BHARAT VENTURES LIMITED,NBVENTURES,INR
NCC,NCC LTD,NCC,INR
NCLIND,NCL INDUSTRIES LIMITED,NCLIND,INR
NDGL,NAGA DHUNSERI GROUP LTD,NDGL,INR
NDL,NANDAN DENIM LTD,NDL,INR
NDTV,NEW DELHI TELEVISION LTD,NDTV,INR
NECCLTD,NORTH EASTERN CARRYING CORP,NECCLTD,INR
NECLIFE,NECTAR LIFESCIENCES LTD,NECLIFE,INR
NELCAST,NELCAST LTD,NELCAST,INR
NELCO,NELCO LIMITED,NELCO,INR
NEOGEN,NEOGEN CHEMICALS LTD,NEOGEN,INR
NESCO,NESCO LTD,NESCO,INR
NESTLEIND,NESTLE INDIA LIMITED,NESTLEIND,INR
NETF,TATA NIFTY ETF,NETF,INR
NETFCONSU,NIPPON INDIA ETF CONSUMPTION,NETFCONSUM,INR
NETFDIVOP,NIPPON INDIA ETF DIVIDEND OP,NETFDIVOPP,INR
NETFLTGIL,NIPPON INDIA ETF LONG TERM G,NETFLTGILT,INR
NETFMID15,NIPPON INDIA ETF NIFTY MIDCA,NETFMID150,INR
NETFNIF10,NIPPON INDIA ETF NIFTY 100,NETFNIF100,INR
NETFNV20,NIPPON INDIA ETF NV20,NETFNV20,INR
NETWORK18,NETWORK 18 MEDIA &amp; INVTS LTD,NETWORK18,INR
NEULANDLA,NEULAND LABORATORIES LIMITED,NEULANDLAB,INR
NEWGEN,NEWGEN SOFTWARE TECHNOLOGIES,NEWGEN,INR
NEXTMEDIA,NEXT MEDIAWORKS LTD,NEXTMEDIA,INR
NFL,NATIONAL FERTILIZERS LTD,NFL,INR
NH,NARAYANA HRUDAYALAYA LTD,NH,INR
NHPC,NHPC LTD,NHPC,INR
NIACL,NEW INDIA ASSURANCE CO LTD/T,NIACL,INR
NIBL,NRB INDUSTRIAL BEARINGS LTD,NIBL_BE,INR
NIFTYBEES,NIPPON INDIA ETF NIFTY BEES,NIFTYBEES,INR
NIFTYEES,EDELWEISS ETF - NIFTY 50,NIFTYEES,INR
NIITLTD,NIIT LIMITED,NIITLTD,INR
NIITTECH,NIIT TECHNOLOGIES LTD,NIITTECH,INR
NILAINFRA,NILA INFRASTRUCTURE LTD,NILAINFRA,INR
NILASPACE,NILA SPACES LTD,NILASPACES,INR
NILKAMAL,NILKAMAL LIMITED,NILKAMAL,INR
NIPPOBATR,INDO-NATIONAL LTD,NIPPOBATRY,INR
NIRLON,NIRLON LIMITED,500307,INR
NITCO,NITCO LTD,NITCO,INR
NITINFIRE,NITIN FIRE PROTECTION INDS,NITINFIRE_BZ,INR
NITINSPIN,NITIN SPINNERS LTD,NITINSPIN,INR
NITIRAJ,NITIRAJ ENGINEERS LTD,NITIRAJ_SM,INR
NKIND,NK INDUSTRIES LTD,NKIND_BE,INR
NLCINDIA,NLC INDIA LTD,NLCINDIA,INR
NMDC,NMDC LIMITED,NMDC,INR
NOCIL,NOCIL LIMITED,NOCIL,INR
NOIDATOLL,NOIDA TOLL BRIDGE CO LTD,NOIDATOLL_BE,INR
NORBTEAEX,NORBEN TEA &amp; EXPORTS,NORBTEAEXP,INR
NPBET,TATA NIFTY PRIVATE BANK ETF,NPBET,INR
NRAIL,N.R. AGARWAL INDUSTRIES LTD,NRAIL,INR
NRBBEARIN,NRB BEARINGS LIMITED,NRBBEARING,INR
NSIL,NALWA SONS INVESTMENTS LTD,NSIL,INR
NTL,NEUEON TOWERS LTD,NTL_BE,INR
NTPC,NTPC LIMITED,NTPC,INR
NUCLEUS,NUCLEUS SOFTWARE EXPORTS LTD,NUCLEUS,INR
OAL,ORIENTAL AROMATICS LTD,OAL,INR
OBEROIRLT,OBEROI REALTY LTD,OBEROIRLTY,INR
OCCL,ORIENTAL CARBON &amp; CHEMICALS,OCCL,INR
OFSS,ORACLE FINANCIAL SERVICES,OFSS,INR
OIL,OIL INDIA LTD,OIL,INR
OILCOUNTU,OIL COUNTRY TUBULAR LIMITED,OILCOUNTUB,INR
OISL,OCL IRON AND STEEL LTD,OISL,INR
OLECTRA,OLECTRA GREENTECH LTD,OLECTRA,INR
OMAXAUTO,OMAX AUTOS LIMITED,OMAXAUTO,INR
OMAXE,OMAXE LIMITED,OMAXE,INR
OMFURN,OMFURN INDIA LTD,OMFURN_SM,INR
OMKARCHEM,OMKAR SPECIALITY CHEMICALS L,OMKARCHEM_BE,INR
OMMETALS,OM METALS INFRAPROJECTS LTD,OMMETALS,INR
ONELIFECA,ONELIFE CAPITAL ADVISORS LTD,ONELIFECAP,INR
ONEPOINT,ONE POINT ONE SOLUTIONS LTD,ONEPOINT,INR
ONGC,OIL &amp; NATURAL GAS CORP LTD,ONGC,INR
ONMOBILE,ONMOBILE GLOBAL LIMITED,ONMOBILE,INR
ONWARDTEC,ONWARD TECHNOLOGIES LTD,ONWARDTEC,INR
OPAL,OPAL LUXURY TIME PRODUCTS LT,OPAL_SM,INR
OPTIEMUS,OPTIEMUS INFRACOM LTD,OPTIEMUS,INR
OPTOCIRCU,OPTO CIRCUITS INDIA LTD,OPTOCIRCUI,INR
ORBTEXP,ORBIT EXPORTS LIMITED,ORBTEXP,INR
ORICONENT,ORICON ENTERPRISES LTD,ORICONENT,INR
ORIENTABR,ORIENT ABRASIVES LIMITED,ORIENTABRA,INR
ORIENTALT,ORIENTAL TRIMEX LTD,ORIENTALTL,INR
ORIENTBAN,ORIENTAL BANK OF COMMERCE,ORIENTBANK,INR
ORIENTBEL,ORIENT BELL LTD,ORIENTBELL,INR
ORIENTCEM,ORIENT CEMENT LTD,ORIENTCEM,INR
ORIENTELE,ORIENT ELECTRIC LIMITED,ORIENTELEC,INR
ORIENTHOT,ORIENTAL HOTELS LTD,ORIENTHOT,INR
ORIENTLTD,ORIENT PRESS LTD,ORIENTLTD,INR
ORIENTPPR,ORIENT PAPER &amp; INDUSTRIES,ORIENTPPR,INR
ORIENTREF,ORIENT REFRACTORIES LTD,ORIENTREF,INR
ORISSAMIN,ORISSA MINERALS DEVELOPMENT,ORISSAMINE,INR
ORTEL,ORTEL COMMUNICATIONS LTD,ORTEL_BZ,INR
ORTINLABS,ORTIN LABORATORIES LIMITED,ORTINLABSS,INR
OSEINTRUS,ORIENTAL INFRATRUST,OSEINTRUST_IV,INR
OSIAHYPER,OSIA HYPER RETAIL LTD,OSIAHYPER_SM,INR
OSWALAGRO,OSWAL AGRO MILLS LTD,OSWALAGRO,INR
OSWALSEED,SHREEOSWAL SEEDS AND CHEMICA,OSWALSEEDS_SM,INR
PAEL,PAE LTD,PAEL_BE,INR
PAGEIND,PAGE INDUSTRIES LTD,PAGEIND,INR
PAISALO,PAISALO DIGITAL LIMITED,PAISALO,INR
PALASHSEC,PALASH SECURITIES LTD,PALASHSECU,INR
PALREDTEC,PALRED TECHNOLOGIES LTD,PALREDTEC,INR
PANACEABI,PANACEA BIOTEC LIMITED,PANACEABIO,INR
PANACHE,PANACHE DIGILIFE LTD,PANACHE_SM,INR
PANAMAPET,PANAMA PETROCHEM LTD,PANAMAPET,INR
PANSARI,PANSARI DEVELOPERS LTD,PANSARI_SM,INR
PAPERPROD,HUHTAMAKI PPL LTD,PAPERPROD,INR
PAR,PAR DRUGS AND CHEMICALS LTD,PAR_SM,INR
PARABDRUG,PARABOLIC DRUGS LTD,PARABDRUGS_BE,INR
PARACABLE,PARAMOUNT COMMUNICATION LTD,PARACABLES,INR
PARAGMILK,PARAG MILK FOODS LTD,PARAGMILK,INR
PARIN,PARIN FURNITURE LTD,PARIN_SM,INR
PARSVNATH,PARSVNATH DEVELOPERS LTD,PARSVNATH,INR
PASHUPATI,PASHUPATI COTSPIN LTD,PASHUPATI_SM,INR
PATELENG,PATEL ENGINEERING LTD,PATELENG,INR
PATINTLOG,PATEL INTERGRATED LOGISTICS,PATINTLOG,INR
PATSPINLT,PATSPIN INDIA LIMITED,PATSPINLTD,INR
PCJEWELLE,PC JEWELLER LTD,PCJEWELLER,INR
PDMJEPAPE,PUDUMJEE PAPER PRODUCTS LTD,PDMJEPAPER,INR
PDPL,PARENTERAL DRUGS INDIA LTD,PDPL_BE,INR
PDSMFL,PDS MULTINATIONAL FASHIONS L,PDSMFL,INR
PEARLPOLY,PEARL POLYMERS LIMITED,PEARLPOLY,INR
PEL,PIRAMAL ENTERPRISES LTD,PEL,INR
PENIND,PENNAR INDUSTRIES LTD,PENIND,INR
PENINLAND,PENINSULA LAND LIMITED,PENINLAND,INR
PENTAGOLD,PENTA GOLD LTD,PENTAGOLD_SM,INR
PERFECT,PERFECT INFRAENGINEERS LTD,PERFECT_SM,INR
PERSISTEN,PERSISTENT SYSTEMS LTD,PERSISTENT,INR
PETRONENG,PETRON ENGINEERING CONST LTD,PETRONENGG_BE,INR
PETRONET,PETRONET LNG LTD,PETRONET,INR
PFC,POWER FINANCE CORPORATION,PFC,INR
PFIZER,PFIZER LIMITED,PFIZER,INR
PFOCUS,PRIME FOCUS LTD,PFOCUS,INR
PFS,PTC INDIA FINANCIAL SERVICES,PFS,INR
PGEL,PG ELECTROPLAST LTD,PGEL,INR
PGHH,PROCTER &amp; GAMBLE HYGIENE,PGHH,INR
PGHL,PROCTER &amp; GAMBLE HEALTH LIMITED,PGHL,INR
PGIL,PEARL GLOBAL INDUSTRIES LTD,PGIL,INR
PHILIPCAR,PHILLIPS CARBON BLACK LTD,PHILIPCARB,INR
PHOENIXLT,PHOENIX MILLS LIMITED,PHOENIXLTD,INR
PIDILITIN,PIDILITE INDUSTRIES LTD,PIDILITIND,INR
PIGL,POWER &amp; INSTRUMENTATION GUJA,PIGL_SM,INR
PIIND,PI INDUSTRIES LTD,PIIND,INR
PILANIINV,PILANI INVESTMENTS&amp;INDUSTRIE,PILANIINVS,INR
PILITA,PIL ITALICA LIFESTYLE LTD,PILITA,INR
PIONDIST,PIONEER DISTILLERIES LTD,PIONDIST,INR
PIONEEREM,PIONEER EMBROIDERIES LTD,PIONEEREMB,INR
PITTIENG,PITTI ENGINEERING LTD,PITTIENG,INR
PKTEA,PERIA KARAMALAI TEA &amp; PRODUC,PKTEA_BE,INR
PLASTIBLE,PLASTIBLENDS INDIA LTD,PLASTIBLEN,INR
PNB,PUNJAB NATIONAL BANK,PNB,INR
PNBGILTS,PNB GILTS LTD,PNBGILTS,INR
PNBHOUSIN,PNB HOUSING FINANCE LTD,PNBHOUSING,INR
PNC,PRITISH NANDY COMMUNICATIONS,PNC,INR
PNCINFRA,PNC INFRATECH LTD,PNCINFRA,INR
PODDARHOU,PODDAR HOUSING AND DEVELOPME,PODDARHOUS_BE,INR
PODDARMEN,PODDAR PIGMENTS LTD,PODDARMENT,INR
POKARNA,POKARNA LTD,POKARNA,INR
POLYCAB,POLYCAB INDIA LTD,POLYCAB,INR
POLYMED,POLY MEDICURE LTD,POLYMED,INR
POLYPLEX,POLYPLEX CORPORATION LTD,POLYPLEX,INR
PONNIEROD,PONNI SUGARS ERODE LTD,PONNIERODE,INR
POWERFUL,POWERFUL TECHNOLOGIES LTD,POWERFUL_SM,INR
POWERGRID,POWER GRID CORP. OF INDIA LTD.,POWERGRID,INR
POWERMECH,POWER MECH PROJECTS LTD,POWERMECH,INR
PPAP,PPAP AUTOMOTIVE LTD,PPAP,INR
PPL,PRAKASH PIPES LTD,PPL,INR
PRABHAT,PRABHAT DAIRY LTD,PRABHAT,INR
PRADIP,PRADIP OVERSEAS LTD,PRADIP_BE,INR
PRAENG,PRAJAY ENGINEERS SYNDICATE,PRAENG,INR
PRAJIND,PRAJ INDUSTRIES LIMITED,PRAJIND,INR
PRAKASH,PRAKASH INDUSTRIES LIMITED,PRAKASH,INR
PRAKASHST,PRAKASH STEELAGE LTD,PRAKASHSTL,INR
PRAXIS,PRAXIS HOME RETAIL LIMITED,PRAXIS_BE,INR
PRECAM,PRECISION CAMSHAFTS LTD,PRECAM,INR
PRECOT,PRECOT MERIDIAN LTD,PRECOT,INR
PRECWIRE,PRECISION WIRES INDIA LTD,PRECWIRE,INR
PREMEXPLN,PREMIER EXPLOSIVES LTD,PREMEXPLN,INR
PREMIER,PREMIER LIMITED,PREMIER_BE,INR
PREMIERPO,PREMIER POLYFILM LTD,PREMIERPOL,INR
PRESSMN,PRESSMAN ADVERTISING LTD,PRESSMN,INR
PRESTIGE,PRESTIGE ESTATES PROJECTS,PRESTIGE,INR
PRICOLLTD,PRICOL LIMITED,PRICOLLTD,INR
PRIMESECU,PRIME SECURITIES LIMITED,PRIMESECU,INR
PRITI,PRITI INTERNATIONAL LTD,PRITI_SM,INR
PROLIFE,PROLIFE INDUSTRIES LTD,PROLIFE_SM,INR
PROSEED,PROSEED INDIA LTD,PROSEED_BE,INR
PROVOGE,PROVOGUE (INDIA) LTD,PROVOGE_BE,INR
PROZONINT,PROZONE INTU PROPERTIES LTD,PROZONINTU,INR
PRSMJOHNS,PRISM JOHNSON LIMITED,PRSMJOHNSN,INR
PSB,PUNJAB &amp; SIND BANK,PSB,INR
PSL,PSL LTD,PSL,INR
PSPPROJEC,PSP PROJECTS LTD,PSPPROJECT,INR
PSUBNKBEE,NIPPON INDIA ETF PSU BANK BE,PSUBNKBEES,INR
PTC,PTC INDIA LTD,PTC,INR
PTL,PTL ENTERPRISES LTD,PTL,INR
PULZ,PULZ ELECTRONICS LTD,PULZ_SM,INR
PUNJABCHE,PUNJAB CHEMICALS &amp; CROP PROT,PUNJABCHEM,INR
PUNJLLOYD,PUNJ LLOYD LIMITED,PUNJLLOYD_BZ,INR
PURVA,PURAVANKARA LTD,PURVA,INR
PUSHPREAL,PUSHPANJALI REALMS &amp; INFRATE,PUSHPREALM_SM,INR
PVR,PVR LTD,PVR,INR
QGOLDHALF,QUANTUM GOLD FUND,QGOLDHALF,INR
QNIFTY,QUANTUM NIFTY ETF,QNIFTY,INR
QUESS,QUESS CORP LTD,QUESS,INR
QUICKHEAL,QUICK HEAL TECHNOLOGIES LTD,QUICKHEAL,INR
RADAAN,RADAAN MEDIAWORKS INDIA LTD,RADAAN,INR
RADICO,RADICO KHAITAN LTD,RADICO,INR
RADIOCITY,MUSIC BROADCAST LTD,RADIOCITY,INR
RAIN,RAIN INDUSTRIES LTD,RAIN,INR
RAJESHEXP,RAJESH EXPORTS LIMITED,RAJESHEXPO,INR
RAJMET,RAJNANDINI METAL LTD,RAJMET_SM,INR
RAJRAYON,RAJ RAYON INDUSTRIES LTD,RAJRAYON_BZ,INR
RAJSREESU,RAJSHREE SUGARS &amp; CHEMICALS,RAJSREESUG,INR
RAJTV,RAJ TELEVISION NETWORK LTD,RAJTV,INR
RAJVIR,RAJVIR INDUSTRIES LTD,RAJVIR_BE,INR
RALLIS,RALLIS INDIA LTD,RALLIS,INR
RAMANEWS,SHREE RAMA NEWSPRINT LTD,RAMANEWS,INR
RAMASTEEL,RAMA STEEL TUBES LTD,RAMASTEEL,INR
RAMCOCEM,RAMCO CEMENTS LTD/THE,RAMCOCEM,INR
RAMCOIND,RAMCO INDUSTRIES LTD,RAMCOIND,INR
RAMCOSYS,RAMCO SYSTEMS LTD,RAMCOSYS,INR
RAMKY,RAMKY INFRASTRUCTURE LTD,RAMKY,INR
RANASUG,RANA SUGARS LIMITED,RANASUG,INR
RANEENGIN,RANE ENGINE VALVES LTD,RANEENGINE,INR
RANEHOLDI,RANE HOLDINGS LTD,RANEHOLDIN,INR
RATNAMANI,RATNAMANI METALS &amp; TUBES LTD,RATNAMANI,INR
RAYMOND,RAYMOND LIMITED,RAYMOND,INR
RBL,RANE BRAKE LINING LTD,RBL,INR
RBLBANK,RBL BANK LTD,RBLBANK,INR
RCF,RASHTRIYA CHEMICALS &amp; FERT,RCF,INR
RCOM,RELIANCE COMMUNICATIONS LTD,RCOM,INR
RECLTD,REC LTD,RECLTD,INR
REDINGTON,REDINGTON INDIA LTD,REDINGTON,INR
REFEX,REFEX INDUSTRIES LTD,REFEX,INR
REGENCERA,REGENCY CERAMICS LIMITED,REGENCERAM_BE,INR
RELAXO,RELAXO FOOTWEARS LTD,RELAXO,INR
RELCAPITA,RELIANCE CAPITAL LIMITED,RELCAPITAL,INR
RELIABLE,RELIABLE DATA SERVICES LTD,RELIABLE_SM,INR
RELIANCE,RELIANCE INDUSTRIES LIMITED,RELIANCE,INR
RELIGARE,RELIGARE ENTERPRISES LIMITED,RELIGARE,INR
RELINFRA,RELIANCE INFRASTRUCTURE LTD,RELINFRA,INR
REMSONSIN,REMSONS INDUSTRIES LTD,REMSONSIND,INR
RENUKA,SHREE RENUKA SUGARS LTD,RENUKA,INR
REPCOHOME,REPCO HOME FINANCE LTD,REPCOHOME,INR
REPL,RUDRABHISHEK ENTERPRISES LTD,REPL_SM,INR
REPRO,REPRO INDIA LIMITED,REPRO,INR
RESPONIND,RESPONSIVE INDUSTRIES LTD,RESPONIND,INR
REVATHI,REVATHI EQUIPMENT LTD,REVATHI,INR
RGL,RENAISSANCE GLOBAL LTD,RGL,INR
RHFL,RELIANCE HOME FINANCE LTD,RHFL,INR
RICOAUTO,RICO AUTO INDUSTRIES LTD,RICOAUTO,INR
RIIL,RELIANCE INDUS INFRASTRUCT,RIIL,INR
RITES,RITES LTD,RITES,INR
RKDL,RAVI KUMAR DISTILLERIES LTD,RKDL_BE,INR
RKEC,RKEC PROJECTS LTD,RKEC_SM,INR
RKFORGE,RAMKRISHNA FORGINGS LTD,RKFORGE,INR
RMCL,RADHA MADHAV CORPORATION LTD,RMCL,INR
RMDRIP,RM DRIP AND SPRINKLERS SYS L,RMDRIP_SM,INR
RML,RANE MADRAS LTD,RML,INR
RNAM,RELIANCE NIPPON LIFE ASSET M,RNAM,INR
RNAVAL,RELIANCE NAVAL AND ENGINEERI,RNAVAL_BE,INR
ROHITFERR,ROHIT FERRO TECH LTD,ROHITFERRO_BE,INR
ROHLTD,ROYAL ORCHID HOTELS LTD,ROHLTD,INR
ROLLT,ROLLATAINERS LTD,ROLLT_BE,INR
ROLTA,ROLTA INDIA LIMITED,ROLTA_BE,INR
ROSSELLIN,ROSSELL INDIA LIMITED,ROSSELLIND,INR
RPGLIFE,RPG LIFE SCIENCES LTD,RPGLIFE,INR
RPOWER,RELIANCE POWER LIMITED,RPOWER,INR
RPPINFRA,R.P.P. INFRA PROJECTS LTD,RPPINFRA,INR
RPPL,RAJSHREE POLYPACK LTD,RPPL_SM,INR
RSSOFTWAR,R.S. SOFTWARE (INDIA),RSSOFTWARE,INR
RSWM,RSWM LIMITED,RSWM,INR
RSYSTEMS,R SYSTEMS INTERNATIONAL LTD,RSYSTEMS,INR
RTNINFRA,RATTANINDIA INFRASTRUCTURE L,RTNINFRA,INR
RTNPOWER,RATTANINDIA POWER LTD,RTNPOWER_BE,INR
RUBYMILLS,RUBY MILLS LTD/THE,RUBYMILLS_BE,INR
RUCHINFRA,RUCHI INFRASTRUCTURE LTD,RUCHINFRA_BE,INR
RUCHIRA,RUCHIRA PAPERS LTD,RUCHIRA,INR
RUCHISOYA,RUCHI SOYA INDUSTRIES LTD,RUCHISOYA,INR
RUPA,RUPA &amp; COMPANY LTD,RUPA,INR
RUSHIL,RUSHIL DECOR LTD,RUSHIL,INR
RVNL,RAIL VIKAS NIGAM LTD,RVNL,INR
SABEVENTS,SAB EVENTS &amp; GOVERNANCE NOW,SABEVENTS,INR
SABTN,SRI ADHIKARI BROS TELE NTWRK,SABTN_BE,INR
SADBHAV,SADBHAV ENGINEERING LTD,SADBHAV,INR
SADBHIN,SADBHAV INFRASTRUCTURE PROJE,SADBHIN,INR
SAFARI,SAFARI INDUSTRIES INDIA LTD,SAFARI,INR
SAGARDEEP,SAGARDEEP ALLOYS LTD,SAGARDEEP_BE,INR
SAGCEM,SAGAR CEMENTS LIMITED,SAGCEM,INR
SAIL,STEEL AUTHORITY OF INDIA,SAIL,INR
SAKAR,SAKAR HEALTHCARE LTD,SAKAR_BE,INR
SAKETH,SAKETH EXIM LTD,SAKETH_SM,INR
SAKHTISUG,SAKTHI SUGARS LIMITED,SAKHTISUG,INR
SAKSOFT,SAKSOFT LIMITED,SAKSOFT,INR
SAKUMA,SAKUMA EXPORTS LTD,SAKUMA,INR
SALASAR,SALASAR TECHNO ENGINEERING L,SALASAR,INR
SALONA,SALONA COTSPIN LTD,SALONA,INR
SALSTEEL,SAL STEEL LTD,SALSTEEL_BE,INR
SALZERELE,SALZER ELECTRONICS LTD,SALZERELEC,INR
SAMBHAAV,SAMBHAAV MEDIA LTD,SAMBHAAV,INR
SANCO,SANCO INDUSTRIES LTD,SANCO,INR
SANDESH,SANDESH LIMITED,SANDESH,INR
SANDHAR,SANDHAR TECHNOLOGIES LTD,SANDHAR,INR
SANGAMIND,SANGAM (INDIA) LIMITED,SANGAMIND,INR
SANGHIIND,SANGHI INDUSTRIES LIMITED,SANGHIIND,INR
SANGHVIFO,SANGHVI FORGING &amp; ENGINEERIN,SANGHVIFOR_BE,INR
SANGHVIMO,SANGHVI MOVERS LIMITED,SANGHVIMOV,INR
SANGINITA,SANGINITA CHEMICALS LTD,SANGINITA,INR
SANOFI,SANOFI INDIA LTD,SANOFI,INR
SANWARIA,SANWARIA CONSUMER LTD,SANWARIA,INR
SARDAEN,SARDA ENERGY &amp; MINERALS LTD,SARDAEN,INR
SAREGAMA,SAREGAMA INDIA LTD,SAREGAMA,INR
SARLAPOLY,SARLA PERFORMANCE FIBERS LTD,SARLAPOLY,INR
SARVESHWA,SARVESHWAR FOODS LTD,SARVESHWAR_SM,INR
SASKEN,SASKEN TECHNOLOGIES LTD,SASKEN,INR
SASTASUND,SASTASUNDAR VENTURES LIMITED,SASTASUNDR,INR
SATHAISPA,SATHAVAHANA ISPAT LTD,SATHAISPAT_BE,INR
SATIA,SATIA INDUSTRIES LTD,SATIA,INR
SATIN,SATIN CREDITCARE NETWORK LTD,SATIN,INR
SBIETFQLT,SBI - ETF QUALITY,SBIETFQLTY,INR
SBILIFE,SBI LIFE INSURANCE CO LTD,SBILIFE,INR
SBIN,STATE BANK OF INDIA,SBIN,INR
SCAPDVR,STAMPEDE CAPITAL LTD-DVR,SCAPDVR,INR
SCHAEFFLE,SCHAEFFLER INDIA LTD,SCHAEFFLER,INR
SCHAND,S CHAND AND CO LTD,SCHAND,INR
SCHNEIDER,SCHNEIDER ELECTRIC INFRASTRU,SCHNEIDER,INR
SCI,SHIPPING CORP OF INDIA LTD,SCI,INR
SDBL,SOM DISTILLERIES &amp; BREWERIES,SDBL_BE,INR
SEAMECLTD,SEAMEC LTD,SEAMECLTD,INR
SECL,SALASAR EXTERIORS AND CONTOU,SECL_SM,INR
SECURCRED,SECUR CREDENTIALS LTD,SECURCRED_SM,INR
SELAN,SELAN EXPLORATION TECHNOLOGY,SELAN,INR
SELMCL,SEL MANUFACTURING CO. LTD.,SELMCL,INR
SEPOWER,SE POWER LTD,SEPOWER,INR
SEQUENT,SEQUENT SCIENTIFIC LTD,SEQUENT,INR
SERVOTECH,SERVOTECH POWER SYSTEMS LTD,SERVOTECH_SM,INR
SESHAPAPE,SESHASAYEE PAPER &amp; BOARDS,SESHAPAPER,INR
SETCO,SETCO AUTOMOTIVE LTD,SETCO,INR
SETF10GIL,SBI-ETF 10 YEAR GILT,SETF10GILT,INR
SETFGOLD,SBI-ETF GOLD,SETFGOLD,INR
SETFNIF50,SBI-ETF NIFTY 50,SETFNIF50,INR
SETFNIFBK,SBI-ETF NIFTY BANK,SETFNIFBK,INR
SETFNN50,SBI ETF-NIFTY NEXT 50,SETFNN50,INR
SETUINFRA,SETUBANDHAN INFRASTRUCTURE L,SETUINFRA_BE,INR
SEYAIND,SEYA INDUSTRIES LTD,SEYAIND,INR
SFL,SHEELA FOAM LTD,SFL,INR
SGL,STL GLOBAL LIMITED,SGL,INR
SHAHALLOY,SHAH ALLOYS LTD,SHAHALLOYS,INR
SHAIVAL,SHAIVAL REALITY LTD,SHAIVAL_SM,INR
SHAKTIPUM,SHAKTI PUMPS (INDIA) LTD,SHAKTIPUMP,INR
SHALBY,SHALBY LTD,SHALBY,INR
SHALPAINT,SHALIMAR PAINTS LTD,SHALPAINTS,INR
SHANKARA,SHANKARA BUILDING PRODUCTS L,SHANKARA,INR
SHANTI,SHANTI OVERSEAS INDIA LTD,SHANTI_SM,INR
SHANTIGEA,SHANTHI GEARS LIMITED,SHANTIGEAR,INR
SHARDACRO,SHARDA CROPCHEM LTD,SHARDACROP,INR
SHARDAMOT,SHARDA MOTOR INDUSTRIES LTD,SHARDAMOTR,INR
SHARIABEE,NIPPON INDIA ETF SHARIAH BEE,SHARIABEES,INR
SHEMAROO,SHEMAROO ENTERTAINMENT LTD,SHEMAROO,INR
SHHARICH,SHREE HARI CHEMICALS EXPORT,524336,INR
SHILPAMED,SHILPA MEDICARE LTD,SHILPAMED,INR
SHIRPUR-G,SHIRPUR GOLD REFINERY LTD,SHIRPUR-G_BE,INR
SHIVAMAUT,SHIVAM AUTOTECH LTD,SHIVAMAUTO,INR
SHIVAMILL,SHIVA MILLS LTD,SHIVAMILLS,INR
SHIVATEX,SHIVA TEXYARN LTD,SHIVATEX,INR
SHIVAUM,SHIV AUM STEELS LTD,SHIVAUM_SM,INR
SHK,SH KELKAR &amp; CO LTD,SHK,INR
SHOPERSTO,SHOPPERS STOP LTD,SHOPERSTOP,INR
SHRADHA,SHRADHA INFRAPROJECTS LTD,SHRADHA_SM,INR
SHREDIGCE,SHREE DIGVIJAY CEMENT CO,SHREDIGCEM,INR
SHREECEM,SHREE CEMENT LIMITED,SHREECEM,INR
SHREEPUSH,SHREE PUSHKAR CHEMICALS &amp; FE,SHREEPUSHK,INR
SHREERAMA,SHREE RAMA MULTI-TECH LTD,SHREERAMA,INR
SHRENIK,SHRENIK LTD,SHRENIK,INR
SHREYANIN,SHREYANS INDUSTRIES LTD,SHREYANIND,INR
SHREYAS,SHREYAS SHIPPING &amp; LOGISTICS,SHREYAS,INR
SHRIPISTO,SHRIRAM PISTONS &amp; RINGS LTD,SHRIPISTON_BE,INR
SHRIRAMCI,SHRIRAM CITY UNION FINANCE,SHRIRAMCIT,INR
SHRIRAMEP,SHRIRAM EPC LIMITED,SHRIRAMEPC,INR
SHUBHLAXM,SHUBHLAXMI JEWEL ART LTD,SHUBHLAXMI_SM,INR
SHYAMCENT,SHYAM CENTURY FERROUS LTD,SHYAMCENT,INR
SHYAMTEL,SHYAM TELECOM LTD,SHYAMTEL,INR
SICAGEN,SICAGEN INDIA LTD,SICAGEN_BE,INR
SICAL,SICAL LOGISTICS LTD,SICAL,INR
SIEMENS,SIEMENS LTD,SIEMENS,INR
SIGIND,SIGNET INDUSTRIES LTD,SIGIND,INR
SIIL,SUPREME INDIA IMPEX LTD,SIIL_SM,INR
SIKKO,SIKKO INDUSTRIES LTD,SIKKO_SM,INR
SIL,STANDARD INDUSTRIES LIMITED,SIL_BE,INR
SILGO,SILGO RETAIL LTD,SILGO_SM,INR
SILINV,SIL INVESTMENTS LIMITED,SILINV,INR
SILLYMONK,SILLY MONKS ENTERTAINMENT LT,SILLYMONKS_SM,INR
SILVERTUC,SILVER TOUCH TECHNOLOGIES LT,SILVERTUC_SM,INR
SIMBHALS,SIMBHAOLI SUGARS LTD-NEW,SIMBHALS_BE,INR
SIMPLEXIN,SIMPLEX INFRASTRUCTURES LTD,SIMPLEXINF,INR
SINTERCOM,SINTERCOM INDIA LTD,SINTERCOM_SM,INR
SINTEX,SINTEX INDUSTRIES LTD,SINTEX,INR
SIRCA,SIRCA PAINTS INDIA LTD,SIRCA,INR
SIS,SECURITY AND INTELLIGENCE SE,SIS,INR
SITINET,SITI NETWORKS LTD,SITINET,INR
SIYSIL,SIYARAM SILK MILLS LTD,SIYSIL,INR
SJVN,SJVN LTD,SJVN,INR
SKFINDIA,SKF INDIA LTD,SKFINDIA,INR
SKIL,SKIL INFRASTRUCTURE LTD,SKIL_BE,INR
SKIPPER,SKIPPER LTD,SKIPPER,INR
SKMEGGPRO,SKM EGG PRODUCTS EXPORT LTD,SKMEGGPROD,INR
SKSTEXTIL,SKS TEXTILES LTD,SKSTEXTILE_SM,INR
SMARTLINK,SMARTLINK HOLDINGS LTD,SMARTLINK,INR
SMLISUZU,SML ISUZU LTD,SMLISUZU,INR
SMPL,SPLENDID METAL PRODUCTS LTD,SMPL_BZ,INR
SMSLIFE,SMS LIFESCIENCES INDIA LTD,SMSLIFE,INR
SMSPHARMA,SMS PHARMACEUTICALS LTD,SMSPHARMA,INR
SMVD,SMVD POLY PACK LTD,SMVD_SM,INR
SNOWMAN,SNOWMAN LOGISTICS LTD,SNOWMAN,INR
SOBHA,SOBHA LTD,SOBHA,INR
SOFTTECH,SOFTTECH ENGINEERS LTD,SOFTTECH_SM,INR
SOLARA,SOLARA ACTIVE PHARMA SCIENCE,SOLARA,INR
SOLARINDS,SOLAR INDUSTRIES INDIA LTD,SOLARINDS,INR
SOLEX,SOLEX ENERGY LTD,SOLEX_SM,INR
SOMANYCER,SOMANY CERAMICS LIMITED,SOMANYCERA,INR
SOMATEX,SOMA TEXTILES &amp; INDUSTRIES,SOMATEX_BE,INR
SOMICONVE,SOMI CONVEYOR BELTINGS LTD,SOMICONVEY,INR
SONAHISON,SONA HI SONA JEWELLERS GUJAR,SONAHISONA_SM,INR
SONAMCLOC,SONAM CLOCK LTD,SONAMCLOCK_SM,INR
SONATSOFT,SONATA SOFTWARE LTD,SONATSOFTW,INR
SONISOYA,SONI SOYA PRODUCTS LTD,SONISOYA_SM,INR
SORILINFR,SORIL INFRA RESOURCES LTD,SORILINFRA,INR
SOTL,SAVITA OIL TECHNOLOGIES LTD,SOTL,INR
SOUTHBANK,SOUTH INDIAN BANK LTD,SOUTHBANK,INR
SOUTHWEST,SOUTH WEST PINNACLE EXPLORAT,SOUTHWEST,INR
SPAL,SP APPARELS LTD,SPAL,INR
SPANDANA,SPANDANA SPHOORTY FINANCIAL,SPANDANA,INR
SPARC,SUN PHARMA ADVANCED RESEARCH,SPARC,INR
SPCENET,SPACENET ENTERPRISES INDIA L,SPCENET_BE,INR
SPECIALIT,SPECIALITY RESTAURANTS LTD,SPECIALITY,INR
SPECTRUM,SPECTRUM ELECTRICAL INDUSTRI,SPECTRUM_SM,INR
SPENCERS,SPENCER'S RETAIL LTD,SPENCERS,INR
SPENTEX,SPENTEX INDUSTRIES LIMITED,SPENTEX_BE,INR
SPIC,SOUTHERN PETROCHEMICAL INDS,SPIC,INR
SPICEJET,SPICEJET LTD,SPICEJET,INR
SPLIL,SPL INDUSTRIES LTD,SPLIL,INR
SPMLINFRA,SPML INFRA LTD,SPMLINFRA,INR
SPTL,SINTEX PLASTICS TECHNOLOGY L,SPTL,INR
SPYL,SHEKHAWATI POLY-YARN LTD,SPYL_BE,INR
SREEL,SREELEATHERS LTD,SREEL,INR
SREINFRA,SREI INFRASTRUCTURE FINANCE,SREINFRA,INR
SRF,SRF LIMITED,SRF,INR
SRHHYPOLT,SREE RAYALASEEMA HI-STRENGTH,SRHHYPOLTD,INR
SRIPIPES,SRIKALAHASTHI PIPES LTD,SRIPIPES,INR
SRIRAM,SHRI RAM SWITCHGEARS LTD,SRIRAM_SM,INR
SRPL,SHREE RAM PROTEINS LTD,SRPL_SM,INR
SRSLTD,SRS LTD,SRSLTD_BZ,INR
SRTRANSFI,SHRIRAM TRANSPORT FINANCE,SRTRANSFIN,INR
SSINFRA,SS INFRASTRUCTURE DVLPT CON,SSINFRA_SM,INR
SSWL,STEEL STRIPS WHEELS LTD,SSWL,INR
STAMPEDE,STAMPEDE CAPITAL LTD,STAMPEDE,INR
STAN,STANDARD CHARTER-INDIAN DR,STAN_DR,INR
STAR,STRIDES PHARMA SCIENCE LTD,STAR,INR
STARCEMEN,STAR CEMENT LIMITED,STARCEMENT,INR
STARPAPER,STAR PAPER MILLS LIMITED,STARPAPER,INR
STCINDIA,STATE TRADING CORP OF INDIA,STCINDIA,INR
STEELCITY,STEEL CITY SECURITIES LTD,STEELCITY,INR
STEELXIND,STEEL EXCHANGE INDIA LTD,STEELXIND,INR
STEL,STEL HOLDINGS LTD,STEL,INR
STERTOOLS,STERLING TOOLS LTD,STERTOOLS,INR
STINDIA,STI INDIA LIMITED,STINDIA_BE,INR
STRTECH,STERLITE TECHNOLOGIES LTD,STRTECH,INR
SUBEX,SUBEX LIMITED,SUBEX,INR
SUBROS,SUBROS LIMITED,SUBROS,INR
SUDARSCHE,SUDARSHAN CHEMICAL INDS LTD,SUDARSCHEM,INR
SUJANAUNI,SUJANA UNIVERSAL INDUSTRIES,SUJANAUNI_BE,INR
SUMEETIND,SUMEET INDUSTRIES LTD,SUMEETINDS,INR
SUMIT,SUMIT WOODS LTD,SUMIT,INR
SUMMITSEC,SUMMIT SECURITIES LTD,SUMMITSEC,INR
SUNCLAYLT,SUNDARAM CLAYTON LTD,SUNCLAYLTD,INR
SUNDARAM,SUNDARAM MULTI PAP LIMITED,SUNDARAM,INR
SUNDARMFI,SUNDARAM FINANCE LTD,SUNDARMFIN,INR
SUNDARMHL,SUNDARAM FINANCE HOLDINGS LT,SUNDARMHLD,INR
SUNDRMBRA,SUNDARAM BRAKE LININGS LTD,SUNDRMBRAK,INR
SUNDRMFAS,SUNDRAM FASTENERS LIMITED,SUNDRMFAST,INR
SUNFLAG,SUNFLAG IRON &amp; STEEL CO LTD,SUNFLAG,INR
SUNPHARMA,SUN PHARMACEUTICAL INDUS,SUNPHARMA,INR
SUNTECK,SUNTECK REALTY LTD,SUNTECK,INR
SUNTV,SUN TV NETWORK LIMITED,SUNTV,INR
SUPERHOUS,SUPERHOUSE LTD,SUPERHOUSE,INR
SUPERSPIN,SUPER SPINNING MILLS,SUPERSPIN,INR
SUPPETRO,SUPREME PETROCHEM LIMITED,SUPPETRO,INR
SUPRAJIT,SUPRAJIT ENGINEERING LTD,SUPRAJIT,INR
SUPREMEEN,SUPREME ENGINEERING LTD,SUPREMEENG_SM,INR
SUPREMEI1,SUPREME INFRASTRUCTURE INDIA,SUPREMEINF_BZ,INR
SUPREMEIN,SUPREME INDUSTRIES LTD,SUPREMEIND,INR
SURANASOL,SURANA SOLAR LTD,SURANASOL,INR
SURANATP,SURANA TELECOM &amp; POWER LTD,SURANAT&amp;P,INR
SURANI,SURANI STEEL TUBES LTD,SURANI_SM,INR
SUREVIN,SUREVIN BPO SERVICES LTD,SUREVIN_SM,INR
SURYALAXM,SURYALAKSHMI COTTON MILLS,SURYALAXMI,INR
SURYAROSN,SURYA ROSHNI LIMITED,SURYAROSNI,INR
SUTLEJTEX,SUTLEJ TEXTILES AND INDUSTRI,SUTLEJTEX,INR
SUULD,SUUMAYA LIFESTYLE LTD,SUULD_SM,INR
SUVEN,SUVEN LIFE SCIENCES LTD,SUVEN,INR
SUZLON,SUZLON ENERGY LIMITED,SUZLON,INR
SVLL,SHREE VASU LOGISTICS LTD,SVLL_SM,INR
SWANENERG,SWAN ENERGY LTD,SWANENERGY,INR
SWARAJENG,SWARAJ ENGINES LIMITED,SWARAJENG,INR
SWELECTES,SWELECT ENERGY SYSTEMS LTD,SWELECTES,INR
SWSOLAR,STERLING &amp; WILSON SOLAR LTD,SWSOLAR,INR
SYMPHONY,SYMPHONY LTD,SYMPHONY,INR
SYNCOM,SYNCOM HEALTHCARE LTD,SYNCOM_BE,INR
SYNDIBANK,SYNDICATE BANK,SYNDIBANK,INR
SYNGENE,SYNGENE INTERNATIONAL LTD,SYNGENE,INR
TAINWALCH,TAINWALA CHEMICALS &amp; PLAST,TAINWALCHM,INR
TAJGVK,TAJ GVK HOTELS &amp; RESORTS LTD,TAJGVK,INR
TAKE,TAKE SOLUTIONS LIMITED,TAKE,INR
TALBROAUT,TALBROS AUTOMOTIVE COMPON,TALBROAUTO,INR
TALWALKAR,TALWALKARS BETTER VALUE FIT,TALWALKARS,INR
TALWGYM,TALWALKARS HEALTHCLUBS LTD,TALWGYM,INR
TANLA,TANLA SOLUTIONS LIMITED,TANLA,INR
TANTIACON,TANTIA CONSTRUCTION LTD,TANTIACONS_BE,INR
TARACHAND,TARA CHAND LOGISTIC SOLUTION,TARACHAND_SM,INR
TARAPUR,TARAPUR TRANSFORMERS LTD,TARAPUR_BE,INR
TARMAT,TARMAT LIMITED,TARMAT,INR
TASTYBITE,TASTY BITE EATABLES LTD,TASTYBITE,INR
TATACHEM,TATA CHEMICALS LIMITED,TATACHEM,INR
TATACOFFE,TATA COFFEE LTD,TATACOFFEE,INR
TATACOMM,TATA COMMUNICATIONS LIMITED,TATACOMM,INR
TATAELXSI,TATA ELXSI LIMITED,TATAELXSI,INR
TATAGLOBA,TATA GLOBAL BEVERAGES LTD,TATAGLOBAL,INR
TATAINVES,TATA INVESTMENT CORP LTD,TATAINVEST,INR
TATAMETAL,TATA METALIKS LTD,TATAMETALI,INR
TATAMOTOR,TATA MOTORS LTD,TATAMOTORS,INR
TATAMTRDV,TATA MOTORS LTD-A-DVR,TATAMTRDVR,INR
TATAPOWER,TATA POWER CO LTD,TATAPOWER,INR
TATASTEE1,TATA STEEL LTD-PARTLY PAID,TATASTEEL_E1,INR
TATASTEEL,TATA STEEL LTD,TATASTEEL,INR
TATASTLBS,TATA STEEL BSL LIMITED,TATASTLBSL,INR
TATASTLLP,TATA STEEL LONG PRODUCTS LTD,TATASTLLP,INR
TBZ,TRIBHOVANDAS BHIMJI ZAVERI L,TBZ,INR
TCI,TRANSPORT CORP OF INDIA LTD,TCI,INR
TCIDEVELO,TCI DEVELOPERS LTD,TCIDEVELOP,INR
TCIEXP,TCI EXPRESS LIMITED,TCIEXP,INR
TCIFINANC,TCI FINANCE LTD,TCIFINANCE,INR
TCNSBRAND,TCNS CLOTHING CO LTD,TCNSBRANDS,INR
TCPLPACK,TCPL PACKAGING LTD,TCPLPACK,INR
TCS,TATA CONSULTANCY SVCS LTD,TCS,INR
TDPOWERSY,TD POWER SYSTEMS LTD,TDPOWERSYS,INR
TEAMLEASE,TEAMLEASE SERVICES LTD,TEAMLEASE,INR
TECHM,TECH MAHINDRA LTD,TECHM,INR
TECHNOE,TECHNO ELECTRIC &amp; ENGINEERIN,TECHNOE,INR
TECHNOFAB,TECHNOFAB ENGINEERING LTD,TECHNOFAB_BE,INR
TEJASNET,TEJAS NETWORKS LTD,TEJASNET,INR
TERASOFT,TERA SOFTWARE LTD,TERASOFT,INR
TEXINFRA,TEXMACO INFRASTRUCTURE &amp; HOL,TEXINFRA,INR
TEXMOPIPE,TEXMO PIPES AND PRODUCTS LTD,TEXMOPIPES,INR
TEXRAIL,TEXMACO RAIL &amp; ENGINEERING L,TEXRAIL,INR
TFCILTD,TOURISM FINANCE CORP INDIA,TFCILTD,INR
TFL,TRANSWARRANTY FINANCE LTD,TFL,INR
TGBHOTELS,TGB BANQUETS AND HOTELS LTD,TGBHOTELS,INR
THANGAMAY,THANGAMAYIL JEWELLERY LTD,THANGAMAYL,INR
THEINVEST,INVESTMENT TRUST OF INDIA LT,THEINVEST,INR
THEJO,THEJO ENGINEERING LTD,THEJO_SM,INR
THEMISMED,THEMIS MEDICARE LTD,THEMISMED_BE,INR
THERMAX,THERMAX LIMITED,THERMAX,INR
THIRUSUGA,THIRU AROORAN SUGARS LTD,THIRUSUGAR_BZ,INR
THOMASCOO,THOMAS COOK (INDIA) LIMITED,THOMASCOOK,INR
THOMASCOT,THOMAS SCOTT INDIA LTD,THOMASCOTT_BE,INR
THYROCARE,THYROCARE TECHNOLOGIES LTD,THYROCARE,INR
TI,TILAKNAGAR INDUSTRIES LTD,TI,INR
TIDEWATER,TIDE WATER OIL CO INDIA LTD,TIDEWATER,INR
TIIL,TECHNOCRAFT INDUSTRIES INDIA,TIIL,INR
TIINDIA,TUBE INVESTMENTS OF INDIA LT,TIINDIA,INR
TIJARIA,TIJARIA POLYPIPES LTD,TIJARIA,INR
TIL,TIL LIMITED,TIL,INR
TIMESGTY,TIMES GUARANTY LTD,TIMESGTY,INR
TIMETECHN,TIME TECHNOPLAST LIMITED,TIMETECHNO,INR
TIMKEN,TIMKEN INDIA LIMITED,TIMKEN,INR
TINPLATE,TINPLATE CO OF INDIA LTD,TINPLATE,INR
TIPSINDLT,TIPS INDUSTRIES LTD,TIPSINDLTD,INR
TIRUMALCH,THIRUMALAI CHEMICALS LTD,TIRUMALCHM,INR
TIRUPATI,SHREE TIRUPATI BALAJEE FIBC,TIRUPATI_SM,INR
TIRUPATIF,TIRUPATI FORGE LTD,TIRUPATIFL_SM,INR
TITAN,TITAN CO LTD,TITAN,INR
TMRVL,MANDHANA RETAIL VENTURES LTD,TMRVL_BE,INR
TNPETRO,TAMILNADU PETROPRODUCTS LTD,TNPETRO,INR
TNPL,TAMILNADU NEWSPRINT &amp; PAPER,TNPL,INR
TNTELE,TAMILNADU TELECOMMUN LTD,TNTELE_BE,INR
TOKYOPLAS,TOKYO PLAST INTERNATIONAL,TOKYOPLAST,INR
TORNTPHAR,TORRENT PHARMACEUTICALS LTD,TORNTPHARM,INR
TORNTPOWE,TORRENT POWER LTD,TORNTPOWER,INR
TOTAL,TOTAL TRANSPORT SYSTEMS LTD,TOTAL_SM,INR
TOUCHWOOD,TOUCHWOOD ENTERTAINMENT LTD,TOUCHWOOD_SM,INR
TPLPLASTE,TPL PLASTECH LTD,TPLPLASTEH,INR
TRANSWIND,TRANSWIND INFRASTRUCTURES LT,TRANSWIND_SM,INR
TREEHOUSE,TREE HOUSE EDUCATION AND ACC,TREEHOUSE_BE,INR
TREJHARA,TREJHARA SOLUTIONS LTD,TREJHARA,INR
TRENT,TRENT LTD,TRENT,INR
TRF,TRF LTD,TRF,INR
TRIDENT,TRIDENT LTD,TRIDENT,INR
TRIGYN,TRIGYN TECHNOLOGIES LIMITED,TRIGYN,INR
TRIL,TRANSFORMERS &amp; RECTIFIERS IN,TRIL,INR
TRITURBIN,TRIVENI TURBINE LTD,TRITURBINE,INR
TRIVENI,TRIVENI ENGINEERING &amp; INDUS,TRIVENI,INR
TTKHLTCAR,TTK HEALTHCARE LTD,TTKHLTCARE,INR
TTKPRESTI,TTK PRESTIGE LTD,TTKPRESTIG,INR
TTL,TT LIMITED,TTL,INR
TTML,TATA TELESERVICES MAHARASHTR,TTML,INR
TV18BRDCS,TV18 BROADCAST LTD,TV18BRDCST,INR
TVSELECT,TVS ELECTRONICS LIMITED,TVSELECT_BE,INR
TVSMOTOR,TVS MOTOR CO LTD,TVSMOTOR,INR
TVSSRICHA,TVS SRICHAKRA LTD,TVSSRICHAK,INR
TVTODAY,TV TODAY NETWORK LTD,TVTODAY,INR
TVVISION,TV VISION LTD,TVVISION,INR
TWL,TITAGARH WAGONS LTD,TWL,INR
UBL,UNITED BREWERIES LTD,UBL,INR
UCALFUEL,UCAL FUEL SYSTEMS LIMITED,UCALFUEL,INR
UCL,USHANTI COLOUR CHEM LTD,UCL_SM,INR
UCOBANK,UCO BANK,UCOBANK,INR
UFLEX,UFLEX LIMITED,UFLEX,INR
UFO,UFO MOVIEZ INDIA LTD,UFO,INR
UGARSUGAR,UGAR SUGAR WORKS LTD,UGARSUGAR,INR
UJAAS,UJAAS ENERGY LIMITED,UJAAS,INR
UJJIVAN,UJJIVAN FINANCIAL SERVICES L,UJJIVAN,INR
ULTRACEMC,ULTRATECH CEMENT LTD,ULTRACEMCO,INR
UMANGDAIR,UMANG DAIRIES LTD,UMANGDAIRY,INR
UMESLTD,USHA MARTIN EDUCATION &amp; SOLU,UMESLTD_BE,INR
UNICHEMLA,UNICHEM LABORATORIES LTD,UNICHEMLAB,INR
UNIENTER,UNIPHOS ENTERPRISES LTD,UNIENTER,INR
UNIINFO,UNIINFO TELECOM SERVICES LTD,UNIINFO_SM,INR
UNIONBANK,UNION BANK OF INDIA,UNIONBANK,INR
UNIPLY,UNIPLY INDUSTRIES LTD,UNIPLY,INR
UNITECH,UNITECH LIMITED,UNITECH,INR
UNITEDBNK,UNITED BANK OF INDIA,UNITEDBNK,INR
UNITEDPOL,UNITED POLYFAB GUJARAT LTD,UNITEDPOLY_SM,INR
UNITEDTEA,UNITED NILGIRI TEA ESTATES,UNITEDTEA,INR
UNITY,UNITY INFRAPROJECTS LTD,UNITY_BZ,INR
UNIVASTU,UNIVASTU INDIA LTD,UNIVASTU_SM,INR
UNIVCABLE,UNIVERSAL CABLES LTD,UNIVCABLES,INR
UPL,UPL LTD,UPL,INR
URAVI,URAVI T AND WEDGE LAMPS LTD,URAVI_SM,INR
URJA,URJA GLOBAL LTD,URJA,INR
USHAMART,USHA MARTIN LTD,USHAMART,INR
UTINEXT50,UTI NIFTY NEXT 50 ETF,UTINEXT50,INR
UTISXN50,UTI S&amp;P BSE SEN NEXT 50-ETF,UTISXN50,INR
UTTAMSTL,UTTAM GALVA STEELS LTD,UTTAMSTL,INR
UTTAMSUGA,UTTAM SUGAR MILLS LTD,UTTAMSUGAR,INR
UVSL,UTTAM VALUE STEELS LTD,UVSL,INR
UWCSL,ULTRA WIRING CONNECTIVITY SY,UWCSL_SM,INR
V2RETAIL,V2 RETAIL LTD,V2RETAIL,INR
VADILALIN,VADILAL INDUSTRIES LIMITED,VADILALIND,INR
VAIBHAVGB,VAIBHAV GLOBAL LIMITED,VAIBHAVGBL,INR
VAISHALI,VAISHALI PHARMA LTD,VAISHALI_SM,INR
VAKRANGEE,VAKRANGEE LTD,VAKRANGEE,INR
VARDHACRL,VARDHMAN ACRYLICS LTD,VARDHACRLC,INR
VARDMNPOL,VARDHMAN POLYTEX LIMITED,VARDMNPOLY_BE,INR
VARROC,VARROC ENGINEERING LTD,VARROC,INR
VASA,VASA RETAIL &amp; OVERSEAS LTD,VASA_SM,INR
VASCONEQ,VASCON ENGINEERS LTD,VASCONEQ,INR
VASWANI,VASWANI INDUSTRIES LTD,VASWANI,INR
VBL,VARUN BEVERAGES LTD,VBL,INR
VEDL,VEDANTA LTD,VEDL,INR
VENKEYS,VENKY'S (INDIA) LIMITED,VENKEYS,INR
VENUSREM,VENUS REMEDIES LIMITED,VENUSREM_BE,INR
VERA,VERA SYNTHETIC LTD,VERA_SM,INR
VERTOZ,VERTOZ ADVERTISING LTD,VERTOZ_SM,INR
VESUVIUS,VESUVIUS INDIA LIMITED,VESUVIUS,INR
VETO,VETO SWITCHGEARS AND CABLES,VETO,INR
VGUARD,V-GUARD INDUSTRIES LTD,VGUARD,INR
VHL,VARDHMAN HOLDINGS LTD,VHL,INR
VICEROY,VICEROY HOTELS LTD,VICEROY_BE,INR
VIDEOIND,VIDEOCON INDUSTRIES LTD,VIDEOIND_BZ,INR
VIDHIING,VIDHI SPECIALTY FOOD INGREDI,VIDHIING,INR
VIJIFIN,VIJI FINANCE LTD,VIJIFIN,INR
VIKASECO,VIKAS ECOTECH LTD,VIKASECO,INR
VIKASMCOR,VIKAS MULTICORP LTD,VIKASMCORP_BE,INR
VIKASPROP,VIKAS PROPPANT &amp; GRANITE LTD,VIKASPROP,INR
VIKASWSP,VIKAS WSP LTD,VIKASWSP,INR
VIMTALABS,VIMTA LABS LIMITED,VIMTALABS,INR
VINATIORG,VINATI ORGANICS LIMITED,VINATIORGA,INR
VINDHYATE,VINDHYA TELELINKS LIMITED,VINDHYATEL,INR
VINNY,VINNY OVERSEAS LTD,VINNY_SM,INR
VINYLINDI,VINYL CHEMICALS (INDIA) LTD,VINYLINDIA,INR
VIPCLOTHN,VIP CLOTHING LTD,VIPCLOTHNG,INR
VIPIND,V.I.P. INDUSTRIES LTD,VIPIND,INR
VIPULLTD,VIPUL LTD,VIPULLTD,INR
VISAKAIND,VISAKA INDUSTRIES LIMITED,VISAKAIND,INR
VISASTEEL,VISA STEEL LTD,VISASTEEL,INR
VISESHINF,VISESH INFOTECNICS LTD,VISESHINFO_BE,INR
VISHAL,VISHAL FABRICS LTD,VISHAL_BE,INR
VISHNU,VISHNU CHEMICALS LIMITED,VISHNU,INR
VISHWARAJ,VISHWARAJ SUGAR INDUSTRIES L,VISHWARAJ,INR
VIVIDHA,VISAGAR POLYTEX LIMITED,VIVIDHA,INR
VIVIMEDLA,VIVIMED LABS LTD,VIVIMEDLAB,INR
VLSFINANC,VLS FINANCE LIMITED,VLSFINANCE,INR
VMART,VMART RETAIL LTD,VMART,INR
VOLTAMP,VOLTAMP TRANSFORMERS LTD,VOLTAMP,INR
VOLTAS,VOLTAS LIMITED,VOLTAS,INR
VRLLOG,VRL LOGISTICS LTD,VRLLOG,INR
VSCL,VADIVARHE SPECIALITY CHEMICA,VSCL_SM,INR
VSSL,VARDHMAN SPECIAL STEELS LTD,VSSL,INR
VSTIND,VST INDUSTRIES LIMITED,VSTIND,INR
VSTTILLER,VST TILLERS TRACTORS LTD,VSTTILLERS,INR
VTL,VARDHMAN TEXTILES LTD,VTL,INR
WABAG,VA TECH WABAG LTD,WABAG,INR
WABCOINDI,WABCO INDIA LIMITED,WABCOINDIA,INR
WALCHANNA,WALCHANDNAGAR INDUSTRIES,WALCHANNAG,INR
WANBURY,WANBURY LTD,WANBURY_BE,INR
WATERBASE,WATERBASE LTD,WATERBASE,INR
WEALTH,WEALTH FIRST PORTFOLIO MANAG,WEALTH_SM,INR
WEBELSOLA,WEBSOL ENERGY SYSTEM LTD,WEBELSOLAR,INR
WEIZFOREX,WEIZMANN FOREX LTD,WEIZFOREX,INR
WEIZMANIN,WEIZMANN LTD,WEIZMANIND,INR
WELCORP,WELSPUN CORP LTD,WELCORP,INR
WELENT,WELSPUN ENTERPRISES LTD/NEW,WELENT,INR
WELINV,WELSPUN INVESTMENT &amp; COMMERC,WELINV,INR
WELSPUNIN,WELSPUN INDIA LTD,WELSPUNIND,INR
WENDT,WENDT INDIA LIMITED,WENDT,INR
WESTLIFE,WESTLIFE DEVELOPMENT LTD,WESTLIFE,INR
WFL,WONDER FIBROMATS LTD,WFL_SM,INR
WHEELS,WHEELS INDIA LTD,WHEELS,INR
WHIRLPOOL,WHIRLPOOL OF INDIA LTD,WHIRLPOOL,INR
WILLAMAGO,WILLIAMSON MAGOR &amp; CO LTD,WILLAMAGOR,INR
WINDMACHI,WINDSOR MACHINES LTD,WINDMACHIN,INR
WINSOME,WINSOME YARNS LTD,WINSOME,INR
WIPL,WESTERN INDIA PLYWOODS LTD,WIPL_BE,INR
WIPRO,WIPRO LTD,WIPRO,INR
WOCKPHARM,WOCKHARDT LIMITED,WOCKPHARMA,INR
WONDERLA,WONDERLA HOLIDAYS LTD,WONDERLA,INR
WORTH,WORTH PERIPHERALS LTD,WORTH_SM,INR
WSI,W S INDUSTRIES INDIA LTD,WSI_BE,INR
WSTCSTPAP,WEST COAST PAPER MILLS LTD,WSTCSTPAPR,INR
XCHANGING,XCHANGING SOLUTIONS LTD,XCHANGING,INR
XELPMOC,XELPMOC DESIGN &amp; TECH LTD,XELPMOC,INR
XLENERGY,XL ENERGY LTD,XLENERGY_BE,INR
XPROINDIA,XPRO INDIA LTD,XPROINDIA,INR
YESBANK,YES BANK LTD,YESBANK,INR
ZEEL,ZEE ENTERTAINMENT ENTERPRISE,ZEEL,INR
ZEELEARN,ZEE LEARN LTD,ZEELEARN,INR
ZEEMEDIA,ZEE MEDIA CORPORATION LTD,ZEEMEDIA,INR
ZENITHBIR,ZENITH BIRLA INDIA LTD,ZENITHBIR_BE,INR
ZENITHEXP,ZENITH EXPORTS LIMITED,ZENITHEXPO,INR
ZENSARTEC,ZENSAR TECHNOLOGIES LTD,ZENSARTECH,INR
ZENTEC,ZEN TECHNOLOGIES LTD,ZENTEC,INR
ZICOM,ZICOM ELECTRONIC SECURITY,ZICOM_BE,INR
ZODIAC,ZODIAC ENERGY LTD,ZODIAC_SM,INR
ZODIACLOT,ZODIAC CLOTHING COMPANY,ZODIACLOTH,INR
ZODJRDMKJ,ZODIAC JRD MKJ LTD,ZODJRDMKJ,INR
ZOTA,ZOTA HEALTH CARE LTD,ZOTA,INR
ZUARI,ZUARI AGRO CHEMICALS LTD,ZUARI,INR
ZUARIGLOB,ZUARI GLOBAL LTD,ZUARIGLOB,INR
ZYDUSWELL,ZYDUS WELLNESS LTD,ZYDUSWELL,INR
