ABIL,ABILITY INC,ABIL,ILS
ADGR,ADGAR INVESTMENT &amp; DEVELOPME,ADGR,ILS
ADKA,ADIKA STYLE LTD,ADKA,ILS
ADO,A.D.O GROUP LTD,ADO,ILS
AFHL,AFCON HOLDINGS LTD,AFHL,ILS
AFIL,AFRICA-ISRAEL INV LTD,AFIL,ILS
AFPR,AFI PROPERTIES LTD,AFPR,ILS
AFRE,AFRICA ISRAEL RESIDENCES LTD,AFRE,ILS
AICS,AI CONVERSATION SYSTEMS LTD,AICS,ILS
ALBA,ALBAAD MASSUOT YITZHAK LTD,ALBA,ILS
ALD,A.L.D. ADVANCED LOGISTICS,ALD,ILS
ALGS,ALON NATURAL GAS EXPLORATION,ALGS,ILS
ALHE,ALONY HETZ PROPERTIES &amp; INV,ALHE,ILS
ALLT,ALLOT LTD,ALLT,ILS
ALMD,ALLIUM MEDICAL SOLUTIONS LTD,ALMD,ILS
ALMO,ALGOMIZER LTD,ALMO,ILS
ALRPR,ALROV PROPERTIES AND LODGING,ALRPR,ILS
AMAN,AMANET MANAGEMENT &amp; SYSTEMS,AMAN,ILS
AMOT,AMOT INVESTMENTS LTD,AMOT,ILS
AMRK,AMIR MARKETING AND INVEST,AMRK,ILS
ANGL,SALOMON A. ANGEL LTD,ANGL,ILS
ANLT,ANALYST I.M.S.,ANLT,ILS
APLP,APOLLO POWER LTD,APLP,ILS
APLY,APPLY ADVANCED MOBILE TECHNO,APLY,ILS
ARAD,ARAD INVT &amp; INDL DEV LTD,ARAD,ILS
ARAN,ARAN RESEARCH &amp; DEVELOPMENT,ARAN,ILS
ARD,ARAD LTD,ARD,ILS
ARKO,ARKO HOLDINGS LTD,ARKO,ILS
ARNA,ARENA STAR GROUP LTD,ARNA,ILS
ARPT,AIRPORT CITY LTD,ARPT,ILS
ARYT,ARYT INDUSTRIES LTD,ARYT,ILS
ASDV,FORESIGHT AUTONOMOUS HOLDING,ASDV,ILS
ASGR,ASPEN GROUP LTD,ASGR,ILS
ASHG,ASHTROM GROUP LTD,ASHG,ILS
ASHO,ASHOT -ASHKELON INDUSTRIES,ASHO,ILS
ASPR,ASHTROM PROPERTIES LTD,ASPR,ILS
ASRR,SAPIR CORP LTD,ASRR,ILS
AUDC,AUDIOCODES LTD,AUDC,ILS
AURA,AURA INVESTMENTS LTD,AURA,ILS
AVER,AVERBUCH FORMICA CENTER LTD,AVER,ILS
AVGL,AVGOL INDUSTRIES 1953 LTD,AVGL,ILS
AVIA,AVIATION LINKS LTD,AVIA,ILS
AVIV,MORDECHAI AVIV TAASIOT BENIY,AVIV,ILS
AVLN,AVIV ARLON LTD,AVLN,ILS
AVRT,AVROT INDUSTRIES LTD,AVRT,ILS
AYAL-L,AYALON HOLDINGS,AYAL-L,ILS
AZRG,AZRIELI GROUP LTD,AZRG,ILS
AZRM,AZORIM-INVESTMENT DEVELOPMEN,AZRM,ILS
BBYL,BABYLON LTD,BBYL,ILS
BCNV,BRACK CAPITAL PROPERTIES NV,BCNV,ILS
BCOM,B COMMUNICATIONS LTD,BCOM,ILS
BEZQ,BEZEQ THE ISRAELI TELECOM CO,BEZQ,ILS
BIG,BIG SHOPPING CENTERS 2004 LT,BIG,ILS
BIMC.M,BIOMEDICO HADARIM LTD,BIMC.M,ILS
BIOV,BIO VIEW LTD,BIOV,ILS
BIRM-L,BIRMAN WOOD AND HARDWARE LTD,BIRM-L,ILS
BLRX,BIOLINERX LTD,BLRX,ILS
BLSR,BLUE SQUARE REAL ESTATE LTD,BLSR,ILS
BNRG,BRENMILLER ENERGY LTD,BNRG,ILS
BOLT,BIOLIGHT LIFE SCIENCES LTD,BOLT,ILS
BONS,BONUS BIOGROUP LTD,BONS,ILS
BOTI-L,BONEI HATICHON CIVIL ENGINEE,BOTI-L,ILS
BRAM,BRAM INDUSTRIES LTD,BRAM,ILS
BRAN,BARAN GROUP LTD,BRAN,ILS
BRIL,BRILL SHOE INDUSTRIES LTD,BRIL,ILS
BRMG,BRIMAG DIGITAL AGE LTD,BRMG,ILS
BRND,BRAND INDUSTRIES LTD,BRND,ILS
BSEN,BET SHEMESH ENGINES HOLDINGS,BSEN,ILS
BWAY,BRAINSWAY LTD,BWAY,ILS
BYAR,B YAIR BUILDING CORP 1988,BYAR,ILS
BYSD,BAYSIDE LAND CORPORATION LTD,BYSD,ILS
CAMT,CAMTEK LIMITED,CAMT,ILS
CANF,CAN FITE BIOPHARMA LTD,CANF,ILS
CAST,CASTRO MODEL LTD,CAST,ILS
CBI,CLAL BIOTECHNOLOGY INDUSTRIE,CBI,ILS
CDEV,COHEN DEVELOPMENT GAS &amp; OIL,CDEV,ILS
CEL,CELLCOM ISRAEL LTD,CEL,ILS
CFX,COFIX GROUP LTD,CFX,ILS
CGEN,COMPUGEN LTD,CGEN,ILS
CHAM,CHAM FOODS (ISRAEL) LTD,CHAM,ILS
CHR,CHIRON REFINERIES LTD,CHR,ILS
CISY,CI SYSTEMS (ISRAEL) LTD,CISY,ILS
CLBV,CLAL BEVERAGES,CLBV,ILS
CLIS,CLAL INSURANCE ENTERPR HLDGS,CLIS,ILS
CMDR,COMPUTER DIRECT GROUP LTD,CMDR,ILS
CMER,C. MER INDUSTRIES LTD,CMER,ILS
CNBT,CANNBIT PHARMACEUTICALS LTD,CNBT,ILS
CNMD-M,CANNOMED MEDICAL CANNABIS IN,CNMD-M,ILS
CPTP,CAPITAL POINT LTD,CPTP,ILS
CRMT,CARMIT CANDY INDUSTRIES LTD,CRMT,ILS
CRSO,CARASSO MOTORS LTD,CRSO,ILS
CSURE,CANNASSURE THERAPEUTICS LTD,CSURE,ILS
CTPL1,ISRAEL CITRUS PLANTATIONS(1),CTPL1,ILS
CTPL5,ISRAEL CITRUS PLANTATIONS(5),CTPL5,ILS
DANE,DANEL (ADIR YEOSHUA) LTD,DANE,ILS
DANH,DAN HOTELS CORP LTD,DANH,ILS
DCMA,DECAMA CAPITAL LTD,DCMA,ILS
DEDR,DELEK DRILLIN - LP,DEDR,ILS
DELT,DELTA-GALIL INDUSTRIES,DELT,ILS
DIMRI,YH DIMRI CONSTRUCT &amp; DEVELOP,DIMRI,ILS
DISI,DISCOUNT INVESTMENT CORP-REG,DISI,ILS
DLEA,DELEK AUTOMOTIVE SYSTEMS LTD,DLEA,ILS
DLEKG,DELEK GROUP LTD,DLEKG,ILS
DLMT-M,DOLOMITE HOLDINGS LTD,DLMT-M,ILS
DLRL,DELEK ROYALTIES 2012 LTD,DLRL,ILS
DNA,D.N.A BIOMEDICAL SOLUTIONS L,DNA,ILS
DRAL,DOR ALON ENERGY IN ISRAEL,DRAL,ILS
DRSL,DORSEL BAZ LTD,DRSL,ILS
DSCT,ISRAEL DISCOUNT BANK-A,DSCT,ILS
DUNI,DUNIEC BROTHERS LTD,DUNI,ILS
DXIL,MUNICIPAL BANK LTD,MCPL,ILS
ECP,ELECTRA CONSUMER PRODUCTS 19,ECP,ILS
EDRL,EDRI EL ISRAEL ASSETS LTD,EDRL,ILS
EFNC,ERECH FINANCE CAHALACHA LTD,EFNC,ILS
ELAL,EL AL ISRAEL AIRLINES,ELAL,ILS
ELCO,ELCO LTD,ELCO,ILS
ELCRE,ELECTRA REAL ESTATE LTD,ELCRE,ILS
ELDAV,ELDAV INVESTMENTS LTD,ELDAV,ILS
ELLO,ELLOMAY CAPITAL LTD,ELLO,ILS
ELMR,ELMOR ELECTRICAL INSTALLATIO,ELMR,ILS
ELRN,ELRON ELECTRONIC INDS LTD,ELRN,ILS
ELSPC,ELSPEC ENGINEERING LTD,ELSPC,ILS
ELTR,ELECTRA LTD,ELTR,ILS
ELWS,ELECTREON WIRELESS LTD,ELWS,ILS
EMCO,E &amp; M COMPUTING,EMCO,ILS
EMDV,EMILIA DEVELOPMENT LTD,EMDV,ILS
EMITF,ELBIT IMAGING LTD,EMITF,ILS
EMTC,ELBIT MEDICAL TECHNOLOGIES L,EMTC,ILS
ENDY,ENDYMED LTD,ENDY,ILS
ENLT,ENLIGHT RENEWABLE ENERGY LTD,ENLT,ILS
ENOG,ENERGEAN OIL &amp; GAS PLC,ENOG,ILS
ENRG,ENERGIX-RENEWABLE ENERGIES,ENRG,ILS
EQTL,EQUITAL LTD,EQTL,ILS
ESLT,ELBIT SYSTEMS LTD,ESLT,ILS
EVGN,EVOGENE LTD,EVGN,ILS
EXEN,EXALENZ BIOSCIENCE LTD,EXEN,ILS
EXPO,EXPORT INVESTMENT CO LTD,EXPO,ILS
FBRT,FMS ENTERPRISES MIGUN LTD,FBRT,ILS
FIBI,FIRST INTL BANK ISRAEL,FIBI,ILS
FIBIH,FIBI HOLDINGS,FIBIH,ILS
FNTS,FANTASY NETWORK LTD,FNTS,ILS
FORTY,FORMULA SYSTEMS (1985) LTD,FORTY,ILS
FOX,FOX WIZEL LTD,FOX,ILS
FRDN,FRIDENSON LOGISTIC SERVICES,FRDN,ILS
FTAL,FATTAL HOLDINGS 1998 LTD,FTAL,ILS
GAON,B. GAON HOLDINGS LTD,GAON,ILS
GBPR,GABAY PROPERTIES &amp; DEVELOPME,GBPR,ILS
GFC-L,G.F.C GREEN FIELD CAPITAL LT,GFC-L,ILS
GILT,GILAT SATELLITE NETWORKS LTD,GILT,ILS
GKL,GLOBAL KNAFAIM LEASING LTD,GKL,ILS
GLPL,GOLAN PLASTIC PRODUCTS LTD,GLPL,ILS
GLRS,GLOBRANDS LTD,GLRS,ILS
GLTC,GALILEO TECH LTD,GLTC,ILS
GNGR,GINEGAR PLASTIC PRODUCTS LTD,GNGR,ILS
GNRS,GENERATION CAPITAL LTD,GNRS,ILS
GODM-M,GO.D.M INVESTMENTS LTD,GODM-M,ILS
GOHO,GOLDEN HOUSE,GOHO,ILS
GOLD,GOLD BOND GROUP LTD/THE,GOLD,ILS
GOLF,GOLF &amp; CO GROUP LTD,GOLF,ILS
GOSS,G1 SECURE SOLUTIONS LTD,GOSS,ILS
GPGB,GP GLOBAL POWER LTD,GPGB,ILS
GSFI,GAN SHMUEL FOOD INDUSTRIES,GSFI,ILS
GZT,GAZIT-GLOBE LTD,GZT,ILS
HAIN,HALMAN-ALDUBI INVESTMENT HOU,HAIN,ILS
HAMAT,HAMAT GROUP LTD,HAMAT,ILS
HAML,HAMLET (ISRAEL-CANADA) LTD,HAML,ILS
HAP,HADERA PAPER LTD,HAP,ILS
HARL,HAREL INSURANCE INVESTMENTS,HARL,ILS
HDST,HADASIT BIO HOLDINGS LTD,HDST,ILS
HGG,HAGAG GROUP REAL ESTATE DEVE,HGG,ILS
HLAN,HILAN LTD,HLAN,ILS
HLMS,HOLMES PLACE WORLDWIDE BV,HLMS,ILS
HMAM,HAMAMA MEIR TRADING 1996 LT,HMAM,ILS
HNMR,HANAN MOR GROUP-HOLDINGS LTD,HNMR,ILS
HOD,HOD ASSAF INDUSTRIES LTD CO,HOD,ILS
HRL.F100,HAREL SAL DJ US BOND EQ MM,HRL.F100,ILS
HRL.F102,HAREL S&amp;P CONS STAPLES CUR H,HRL.F102,ILS
HRL.F109,HAREL TEL BOND YIELD SHEKEL,HRL.F109,ILS
HRL.F11,HAREL SAL (4A) TA 90,HRL.F11,ILS
HRL.F12,HAREL SAL 4A TA-BANKS5,HRL.F12,ILS
HRL.F13,HAREL SAL 00 TEL BOND 40,HRL.F13,ILS
HRL.F14,HAREL SAL TA-SME60,HRL.F14,ILS
HRL.F15,HAREL SAL 4A TA-REAL ESTATE,HRL.F15,ILS
HRL.F16,HAREL SAL 4A TA-FINANCE,HRL.F16,ILS
HRL.F17,HAREL SAL 4A TEL - DIV,HRL.F17,ILS
HRL.F18,HAREL SAL 4A TA-GROWTH,HRL.F18,ILS
HRL.F2,HAREL SAL 4A TA 125,HRL.F2,ILS
HRL.F200,HAREL S&amp;P CONS DISCR CUR HDG,HRL.F200,ILS
HRL.F201,HAREL S&amp;P REGIONAL BANKS CHG,HRL.F201,ILS
HRL.F203,HAREL EURO STOXX 50 EURO-HDG,HRL.F203,ILS
HRL.F204,HAREL ISE CYBER SEC DOLLAR-H,HRL.F204,ILS
HRL.F205,HAREL MSCI AC WORLD DOLLAR-H,HRL.F205,ILS
HRL.F207,HAREL SAL ISE CYBER SECURITY,HRL.F207,ILS
HRL.F208,HAREL IBOXX US CP LIQ 3-7 CH,HRL.F208,ILS
HRL.F209,HAREL SAL IBOXX USD CORP 3-7,HRL.F209,ILS
HRL.F24,HAREL SAL 00 TEL BD - SHEKEL,HRL.F24,ILS
HRL.F25,HAREL SAL 4D S&amp;P 500,HRL.F25,ILS
HRL.F26,HAREL SAL 4D NASDAQ 100,HRL.F26,ILS
HRL.F28,HAREL SAL (4D) DAX 30,HRL.F28,ILS
HRL.F29,HAREL SAL 4D HANG SENG,HRL.F29,ILS
HRL.F3,HAREL SAL 00 TEL BOND 20,HRL.F3,ILS
HRL.F30,HAREL SAL 4D MSCI INDIA,HRL.F30,ILS
HRL.F300,HAREL SAL TEL BOND SHEKEL-50,HRL.F300,ILS
HRL.F301,HAREL SAL TEL BOND-GLOBAL,HRL.F301,ILS
HRL.F302,HAREL SAL TA SECTOR-BALANCE,HRL.F302,ILS
HRL.F303,HAREL TEL BND - SHK BNK&amp;INS,HRL.F303,ILS
HRL.F31,HAREL SAL DJ US BOND EQ,HRL.F31,ILS
HRL.F4,HAREL SAL 00 TEL BOND 60,HRL.F4,ILS
HRL.F49,HAREL NASDAQ 100 CURRENCY HG,HRL.F49,ILS
HRL.F50,HAREL SAL S&amp;P 500 CURNCY HDG,HRL.F50,ILS
HRL.F51,HAREL RUSSELL 2000 CRNCY HDG,HRL.F51,ILS
HRL.F53,HAREL SAL DAX 30 CURNCY HDG,HRL.F53,ILS
HRL.F59,HAREL SAL 4D DJ US DIVIDEND,HRL.F59,ILS
HRL.F61,HAREL SAL 00 TEL BND CPI LNK,HRL.F61,ILS
HRL.F64,HAREL SAL DJ INDUSTRIAL AVG,HRL.F64,ILS
HRL.F65,HAREL SAL 4D EURO STOXX 50,HRL.F65,ILS
HRL.F67,HAREL SAL 4A NIKKEI 225 CHDG,HRL.F67,ILS
HRL.F68,HAREL SAL 4D S&amp;P INDUSTRIAL,HRL.F68,ILS
HRL.F69,HAREL SAL 00 TEL BOND YIELDS,HRL.F69,ILS
HRL.F7,HAREL SAL (4A) TA 35,HRL.F7,ILS
HRL.F70,HRL.TEL-BCLB,HRL.F70,ILS
HRL.F72,HAREL SAL 4D EMERGING MARKET,HRL.F72,ILS
HRL.F73,HAREL SAL 4D MSCI AC WORLD,HRL.F73,ILS
HRL.F74,HAREL SAL 4D S&amp;P HEALTH CARE,HRL.F74,ILS
HRL.F75,HAREL SAL 4D S&amp;P FINANCIAL,HRL.F75,ILS
HRL.F76,HAREL SAL 4D S&amp;P CONS STAPLE,HRL.F76,ILS
HRL.F77,HAREL SAL 4D STOXX EUR 600,HRL.F77,ILS
HRL.F80,HAREL STOXX EUROPE 600 EU-HG,HRL.F80,ILS
HRL.F81,HAREL SAL 4A S&amp;P FIN CURR HD,HRL.F81,ILS
HRL.F82,HAREL S&amp;P 500 L VOL CRNCY HG,HRL.F82,ILS
HRL.F84,HAREL MSCI EURO FIN EURO-HDG,HRL.F84,ILS
HRL.F86,HAREL S&amp;P TECHNOLOGY CUR HDG,HRL.F86,ILS
HRL.F87,HAREL SAL 4D S&amp;P TECHNOLOGY,HRL.F87,ILS
HRL.F93,HAREL S&amp;P HEALTH CARE CNCY H,HRL.F93,ILS
HRL.F94,HAREL 4A DJ US DVD CURR HDG,HRL.F94,ILS
HRL.F95,HAREL S&amp;P 500 EQUAL WT CHGD,HRL.F95,ILS
HRL.F96,HAREL SAL 4D S&amp;P ENERGY,HRL.F96,ILS
HRL.F99,HAREL SAL S&amp;P CONSUMER DISCR,HRL.F99,ILS
HRL.FK41,HAREL KOSHER TEL BOND 60,HRL.FK41,ILS
HRL.FK42,HAREL KOSHER TEL BOND-SHEKEL,HRL.FK42,ILS
HRL.FK43,HAREL SAL KOSHER TA 125,HRL.FK43,ILS
HRON,HIRON TRADE INVESTMENT (1),HRON,ILS
IBI,IBI INVESTMENT HOUSE LTD,IBI,ILS
IBLD,INDUSTRIAL BUILDINGS CORP,IBLD,ILS
ICB,ICB BIOTECHNOLOGY INVESTMENT,ICB,ILS
ICCM,ICECURE MEDICAL LTD,ICCM,ILS
ICL,ISRAEL CHEMICALS LTD,ICL,ILS
IDIN,IDI INSURANCE CO LTD,IDIN,ILS
IES,IES HOLDINGS LTD,IES,ILS
IFF,INTL FLAVORS &amp; FRAGRANCES,IFF,ILS
IGLD,INTERNET GOLD-GOLDEN LINES,IGLD,ILS
ILCO,ISRAEL CORP LIMITED/THE,ILCO,ILS
ILDC,ISRAEL LAND DEVELOPMENT - UR,ILDC,ILS
ILDR,ISRAEL LAND DEVELOPMENT CO A,ILDR,ILS
ILX,ILEX MEDICAL LTD,ILX,ILS
IMCO,IMCO INDUSTRIES LTD,IMCO,ILS
INBR,INBAR GROUP FINANCE LTD,INBR,ILS
INCR,INTERCURE LTD,INCR,ILS
INFR,INFIMER LTD,INFR,ILS
ININ,INTER INDUSTRIES LTD,ININ,ILS
INRM,INROM CONSTRUCTION INDUSTRIE,INRM,ILS
INTL,INTELICANNA LTD,INTL,ILS
INTR,INTER-GAMA INVESTMENT CO (1),INTR,ILS
IRI,INTERNET RESEARCH INSTITUTE,IRI,ILS
ISCN,ISRAEL CANADA T.R LTD,ISCN,ILS
ISRA.L,ISRAMCO NEGEV 2 LP,ISRA.L,ILS
ISRO,ISROTEL LTD,ISRO,ILS
ISRS,ISRAS INVESTMENT COMPANY LTD,ISRS,ILS
ISTA,ISSTA LINES LTD,ISTA,ILS
ITMR,ITAMAR MEDICAL LTD,ITMR,ILS
JBNK,BANK OF JERUSALEM,JBNK,ILS
KAFR,KAFRIT INDUSTRIES (1993) LTD,KAFR,ILS
KARE,KARDAN REAL ESTATE ESTATE,KARE,ILS
KDST,KADIMASTEM LTD,KDST,ILS
KEN,KENON HOLDINGS LTD,KEN,ILS
KLIL,KLIL INDUSTRIES LTD,KLIL,ILS
KLIN-M,E.N SHOHAM BUSINESS LTD,KLIN-M,ILS
KMDA,KAMADA LTD,KMDA,ILS
KMNK,KMN CAPITAL LTD,KMNK,ILS
KNFM,KNAFAIM HOLDINGS LTD,KNFM,ILS
KRDI,KARDAN ISRAEL LTD,KRDI,ILS
KRNV,KARDAN NV,KRNV,ILS
KRUR,KERUR HOLDINGS LTD,KRUR,ILS
KSM.F1,KSM ETF TEL-CP35,KSM.F1,ILS
KSM.F10,KSM ETF HHOTR,KSM.F10,ILS
KSM.F101,KSM ETF SPTSX60N CH,KSM.F101,ILS
KSM.F103,KSM ETF TA-OIL,KSM.F103,ILS
KSM.F104,KSM ETF TA-BIO,KSM.F104,ILS
KSM.F106,KSM ETF IBOXIG30,KSM.F106,ILS
KSM.F107,KSM ETF TEL-BCL,KSM.F107,ILS
KSM.F108,KSM ETF TEL-BCLS,KSM.F108,ILS
KSM.F109,KSM ETF SPSIHON,KSM.F109,ILS
KSM.F11,KSM ETF CTIUSTR,KSM.F11,ILS
KSM.F110,KSM ETF TEL-YLD,KSM.F110,ILS
KSM.F111,KSM ETF LV SPTR500N X3,KSM.F111,ILS
KSM.F112,KSM ETF LV XNDXNNR X3,KSM.F112,ILS
KSM.F113,KSM ETF LV DAXNR X3,KSM.F113,ILS
KSM.F114,KSM ETF LVSHO SPTR500N X3,KSM.F114,ILS
KSM.F115,KSM ETF LVSHO XNDXNNR X3,KSM.F115,ILS
KSM.F116,KSM ETF LVSHO DAXNR X3,KSM.F116,ILS
KSM.F117,KSM ETF SPTRSMCN CH,KSM.F117,ILS
KSM.F118,KSM ETF MWMFTR,KSM.F118,ILS
KSM.F119,KSM ETF CMP STK US CH,KSM.F119,ILS
KSM.F12,KSM ETF IXENTR,KSM.F12,ILS
KSM.F120,KSM ETF DRBN CH,KSM.F120,ILS
KSM.F121,KSM ETF SXXR EH,KSM.F121,ILS
KSM.F122,KSM ETF SXXR,KSM.F122,ILS
KSM.F123,KSM ETF DRBN,KSM.F123,ILS
KSM.F124,KSM ETF MCXR EH,KSM.F124,ILS
KSM.F125,KSM ETF CMP STK EU EH,KSM.F125,ILS
KSM.F126,KSM ETF TEL-BCLB,KSM.F126,ILS
KSM.F127,KSM ETF SX7R EH,KSM.F127,ILS
KSM.F128,KSM ETF MDAXNR,KSM.F128,ILS
KSM.F129,KSM ETF MDAXNR CH,KSM.F129,ILS
KSM.F13,KSM ETF TEL-DIV,KSM.F13,ILS
KSM.F130,KSM ETF SXDR,KSM.F130,ILS
KSM.F131,KSM ETF SXAR,KSM.F131,ILS
KSM.F132,KSM ETF IXMNTR,KSM.F132,ILS
KSM.F133,KSM ETF IXINTR,KSM.F133,ILS
KSM.F134,KSM ETF IXYNTR,KSM.F134,ILS
KSM.F135,KSM ETF SMIC,KSM.F135,ILS
KSM.F136,KSM ETF MCXNUK CH,KSM.F136,ILS
KSM.F137,KSM ETF SX7R,KSM.F137,ILS
KSM.F138,KSM ETF UKXNUK CH,KSM.F138,ILS
KSM.F139,KSM ETF DJINETN CH,KSM.F139,ILS
KSM.F14,KSM ETF BCOMCOT,KSM.F14,ILS
KSM.F140,KSM ETF CMP STK MID DV CH,KSM.F140,ILS
KSM.F141,KSM ETF CMP BND GEN+EQ CH,KSM.F141,ILS
KSM.F142,KSM ETF SP5LVHDN,KSM.F142,ILS
KSM.F143,KSM ETF M1WO DH,KSM.F143,ILS
KSM.F144,KSM ETF TEL-COMP,KSM.F144,ILS
KSM.F145,KSM ETF DJDVN CH,KSM.F145,ILS
KSM.F146,KSM ETF SD3T CH,KSM.F146,ILS
KSM.F147,KSM ETF SX7T CH,KSM.F147,ILS
KSM.F148,KSM ETF SHO TEL-YLD,KSM.F148,ILS
KSM.F149,KSM ETF CMP BND GOV+EQ CH,KSM.F149,ILS
KSM.F15,KSM ETF SHO TA-REAL,KSM.F15,ILS
KSM.F150,KSM ETF CMP STK US,KSM.F150,ILS
KSM.F151,KSM ETF IBOXIG30 CH,KSM.F151,ILS
KSM.F152,KSM ETF IXVNTR,KSM.F152,ILS
KSM.F153,KSM ETF SHO TAR5FIG,KSM.F153,ILS
KSM.F154,KSM ETF TELB,KSM.F154,ILS
KSM.F155,KSM ETF CMP STK SEC EU EH,KSM.F155,ILS
KSM.F156,KSM ETF CMP STK SEC US,KSM.F156,ILS
KSM.F157,KSM ETF CMP BND GOV+FR CH,KSM.F157,ILS
KSM.F158,KSM ETF IXTNTR,KSM.F158,ILS
KSM.F159,KSM ETF IXRNTR,KSM.F159,ILS
KSM.F16,KSM ETF NKYNTR CH,KSM.F16,ILS
KSM.F160,KSM ETF IBOXPHA0 CH,KSM.F160,ILS
KSM.F161,KSM ETF IBOXPHA1 CH,KSM.F161,ILS
KSM.F162,KSM ETF BGTHNTR,KSM.F162,ILS
KSM.F163,KSM ETF SPSIRBKN,KSM.F163,ILS
KSM.F164,KSM ETF IBOXPHA1,KSM.F164,ILS
KSM.F165,KSM ETF CMP BND FR CH,KSM.F165,ILS
KSM.F166,KSM ETF SP5LVHDN CH,KSM.F166,ILS
KSM.F167,KSM ETF IXVNTR CH,KSM.F167,ILS
KSM.F168,KSM ETF XNBINNR CH,KSM.F168,ILS
KSM.F169,KSM ETF SHO TA-SME60,KSM.F169,ILS
KSM.F17,KSM ETF SX5T CH,KSM.F17,ILS
KSM.F170,KSM ETF SPSIPHN,KSM.F170,ILS
KSM.F171,KSM ETF M1WD DH,KSM.F171,ILS
KSM.F172,KSM ETF CMP BND GE+EQ CH,KSM.F172,ILS
KSM.F174,KSM ETF TEL-SH35,KSM.F174,ILS
KSM.F175,KSM ETF TEL-BD,KSM.F175,ILS
KSM.F18,KSM ETF TEL-B20,KSM.F18,ILS
KSM.F19,KSM ETF IBOXHY,KSM.F19,ILS
KSM.F2,KSM ETF TEL-B50,KSM.F2,ILS
KSM.F20,KSM ETF OMXS30GI,KSM.F20,ILS
KSM.F21,KSM ETF TA-GROW,KSM.F21,ILS
KSM.F22,KSM ETF MCXR,KSM.F22,ILS
KSM.F23,KSM ETF TANLVIGV,KSM.F23,ILS
KSM.F24,KSM ETF SD3T,KSM.F24,ILS
KSM.F25,KSM ETF SDGV,KSM.F25,ILS
KSM.F26,KSM ETF SHO TEL-B20,KSM.F26,ILS
KSM.F27,KSM ETF LVSHO TA-35 X2,KSM.F27,ILS
KSM.F28,KSM ETF DJDVN,KSM.F28,ILS
KSM.F29,KSM ETF SPTSX60N,KSM.F29,ILS
KSM.F3,KSM ETF TEL-BGLO,KSM.F3,ILS
KSM.F30,KSM ETF M7SG,KSM.F30,ILS
KSM.F31,KSM ETF IBOV,KSM.F31,ILS
KSM.F32,KSM ETF NCAC,KSM.F32,ILS
KSM.F33,KSM ETF ASN51,KSM.F33,ILS
KSM.F34,KSM ETF TAINSCO,KSM.F34,ILS
KSM.F35,KSM ETF TAR02GV,KSM.F35,ILS
KSM.F36,KSM ETF TAR25GV,KSM.F36,ILS
KSM.F37,KSM ETF TAR02FIG,KSM.F37,ILS
KSM.F38,KSM ETF TAR5FIG,KSM.F38,ILS
KSM.F39,KSM ETF TAR25FIG,KSM.F39,ILS
KSM.F4,KSM ETF IBXXFRN3,KSM.F4,ILS
KSM.F40,KSM ETF TEL-B40,KSM.F40,ILS
KSM.F41,KSM ETF TEL-B60,KSM.F41,ILS
KSM.F42,KSM ETF TALNCGV,KSM.F42,ILS
KSM.F43,KSM ETF TASHTTB,KSM.F43,ILS
KSM.F44,KSM ETF SX8R,KSM.F44,ILS
KSM.F45,KSM ETF CMP BND GOV+EQ IS,KSM.F45,ILS
KSM.F46,KSM ETF LV TA-35 X3,KSM.F46,ILS
KSM.F48,KSM ETF TEL-BSH,KSM.F48,ILS
KSM.F49,KSM ETF GOLDLNPM CH,KSM.F49,ILS
KSM.F5,KSM ETF SP400NTR,KSM.F5,ILS
KSM.F50,KSM ETF SHO TEL-B40,KSM.F50,ILS
KSM.F51,KSM ETF UKXNUK,KSM.F51,ILS
KSM.F52,KSM ETF XNDXNNR,KSM.F52,ILS
KSM.F53,KSM ETF DAXNR,KSM.F53,ILS
KSM.F54,KSM ETF TXIN0NCH,KSM.F54,ILS
KSM.F55,KSM ETF TA-SME60,KSM.F55,ILS
KSM.F56,KSM ETF TA-REAL,KSM.F56,ILS
KSM.F57,KSM ETF TA-FIN,KSM.F57,ILS
KSM.F58,KSM ETF TANLCFXG,KSM.F58,ILS
KSM.F59,KSM ETF TA-35,KSM.F59,ILS
KSM.F6,KSM ETF GOLDLNPM,KSM.F6,ILS
KSM.F60,KSM ETF RU20N30U,KSM.F60,ILS
KSM.F61,KSM ETF CECENTRE,KSM.F61,ILS
KSM.F62,KSM ETF TAR510GV,KSM.F62,ILS
KSM.F63,KSM ETF M7IN,KSM.F63,ILS
KSM.F64,KSM ETF KOSPI2T,KSM.F64,ILS
KSM.F65,KSM ETF CRDXNTRU,KSM.F65,ILS
KSM.F66,KSM ETF M7TW,KSM.F66,ILS
KSM.F67,KSM ETF M1WO,KSM.F67,ILS
KSM.F68,KSM ETF M1EF,KSM.F68,ILS
KSM.F69,KSM ETF M1FEJ,KSM.F69,ILS
KSM.F7,KSM ETF SPGSCITR,KSM.F7,ILS
KSM.F71,KSM ETF M7ES,KSM.F71,ILS
KSM.F72,KSM ETF TA-90,KSM.F72,ILS
KSM.F73,KSM ETF TA-MAALA,KSM.F73,ILS
KSM.F74,KSM ETF TA-125,KSM.F74,ILS
KSM.F75,KSM ETF TA-BLUE,KSM.F75,ILS
KSM.F76,KSM ETF SX5T,KSM.F76,ILS
KSM.F77,KSM ETF TA-BANK5,KSM.F77,ILS
KSM.F78,KSM ETF DJINR,KSM.F78,ILS
KSM.F79,KSM ETF NKYNTR,KSM.F79,ILS
KSM.F8,KSM ETF DJTBAKT,KSM.F8,ILS
KSM.F80,KSM ETF SPTR500N,KSM.F80,ILS
KSM.F81,KSM ETF BCOMAG,KSM.F81,ILS
KSM.F82,KSM ETF SPTR500N CH,KSM.F82,ILS
KSM.F83,KSM ETF XNDXNNR CH,KSM.F83,ILS
KSM.F84,KSM ETF BCOMCOT CH,KSM.F84,ILS
KSM.F85,KSM ETF CMP BND GOV+COR,KSM.F85,ILS
KSM.F86,KSM ETF TAGBDGV,KSM.F86,ILS
KSM.F87,KSM ETF CMP BND GEN+EQ,KSM.F87,ILS
KSM.F88,KSM ETF CMP BND GEN+EQ IS,KSM.F88,ILS
KSM.F89,KSM ETF M1WD,KSM.F89,ILS
KSM.F9,KSM ETF DJTHCAT,KSM.F9,ILS
KSM.F90,KSM ETF HSI21N CH,KSM.F90,ILS
KSM.F91,KSM ETF CMP BND GE+EQ,KSM.F91,ILS
KSM.F92,KSM ETF DAXNR CH,KSM.F92,ILS
KSM.F93,KSM ETF SHO TA-90,KSM.F93,ILS
KSM.F94,KSM ETF RU20N30U CH,KSM.F94,ILS
KSM.F95,KSM ETF M1EF DH,KSM.F95,ILS
KSM.F96,KSM ETF SHO TA-35,KSM.F96,ILS
KSM.F98,KSM ETF DJILSCST,KSM.F98,ILS
KSM.FK1,KSM ETF KOSHER TEL-B60,KSM.FK1,ILS
KSM.FK2,KSM ETF KOSHER TEL-BSH,KSM.FK2,ILS
KSM.FK3,KSM ETF KOSHER TA-125,KSM.FK3,ILS
KTOV,KITOV PHARMA LTD,KTOV,ILS
LAHAV,LAHAV L.R. REAL ESTATE LTD,LAHAV,ILS
LAPD,LAPIDOTH CAPITAL LTD,LAPD,ILS
LBTL,A. LIBENTAL HOLDINGS LTD,LBTL,ILS
LCTX,LINEAGE CELL THERAPEUTICS IN,LCTX,ILS
LDER,LEADER HOLDINGS &amp; INVESTMENT,LDER,ILS
LDRC,ATREYU CAPITAL MARKETS LTD,LDRC,ILS
LEOF,LEVINSKI OFER LTD,LEOF,ILS
LEVI,MESHULAM LEVINSTEIN CON &amp; EN,LEVI,ILS
LHIS,LACHISH INDUSTRIES LTD,LHIS,ILS
LODZ,LODZIA-ROTEX INVESTMENT (1),LODZ,ILS
LPSN,LIVEPERSON INC,LPSN,ILS
LSCO,LESICO LTD,LSCO,ILS
LUDN,LUDAN ENGINEERING CO LTD,LUDN,ILS
LUMI,BANK LEUMI LE-ISRAEL,LUMI,ILS
LUZN,LUZON GROUP,LUZN,ILS
LVPR,LEVINSTEIN PROPERTIES LTD,LVPR,ILS
LZNR,A LUZON REAL ESTATE &amp; FINANC,LZNR,ILS
MAXM,MAXIMA AIR SEPARATION (1),MAXM,ILS
MBMX-M,MOBILE MAX TECHNOLOGIES LTD,MBMX-M,ILS
MCC,MEDLEY CAPITAL CORP,MCC,ILS
MCRNT,MICRONET LTD,MCRNT,ILS
MCTC,MICROMEDIC TECHNOLOGIES LTD,MCTC,ILS
MDGS,MEDIGUS LTD,MDGS,ILS
MDPR,MEDIPOWER OVERSEAS PUBLIC CO,MDPR,ILS
MDTR,MEDITERRANEAN TOWERS LTD,MDTR,ILS
MDVI,MEDIVIE THERAPEUTIC LTD,MDVI,ILS
MEDI,MEDTECHNICA,MEDI,ILS
MEDN-L,MEHADRIN LTD,MEDN-L,ILS
MGDL,MIGDAL INSURANCE &amp; FINANCIAL,MGDL,ILS
MGIC,MAGIC SOFTWARE ENTERPRISES,MGIC,ILS
MGOR,MEGA OR HOLDINGS LTD,MGOR,ILS
MISH,MIVTACH SHAMIR HOLDINGS LTD,MISH,ILS
MLD,MIRLAND DEVELOPMENT CORP,MLD,ILS
MLSR,MELISRON,MLSR,ILS
MLTM,MALAM - TEAM LTD,MLTM,ILS
MMAN,MAMAN CARGO TERMINALS &amp; HAND,MMAN,ILS
MMHD,MENORA MIVTACHIM HOLDINGS LT,MMHD,ILS
MNGN,MIN HAGOREN DEVELOPMENT LTD,MNGN,ILS
MNIN,MENDELSON INFRASTRUCTURES &amp;,MNIN,ILS
MNPR,MINRAV PROJECTS LTD,MNPR,ILS
MNRV,MINRAV HOLDINGS LTD,MNRV,ILS
MRHL,MERCHAVIA HOLDINGS AND INVES,MRHL,ILS
MRIN,YD MORE INVESTMENTS LTD,MRIN,ILS
MRP,MRP INVESTMENTS LTD,MRP,ILS
MSAH,HAMASHBIR 365 LTD,MSAH,ILS
MSHR,MISHORIM REAL ESTATE INVESTM,MSHR,ILS
MSLA,MASLAVI CONSTRUCTION CO LTD,MSLA,ILS
MTDS,MEITAV DASH INVESTMENTS LTD,MTDS,ILS
MTF.F1,MTF.TANLCFXG,MTF.F1,ILS
MTF.F11,MTF.TEL-BCL,MTF.F11,ILS
MTF.F12,MTF.TEL-YLD,MTF.F12,ILS
MTF.F13,MTF.TEL-BGLO,MTF.F13,ILS
MTF.F15,MTF.TEL-B50,MTF.F15,ILS
MTF.F16,MTF.TA-35,MTF.F16,ILS
MTF.F17,MTF.TA-90,MTF.F17,ILS
MTF.F18,MTF.TATECELT,MTF.F18,ILS
MTF.F19,MTF.TA-125,MTF.F19,ILS
MTF.F2,MTF.TAR25FIG,MTF.F2,ILS
MTF.F20,MTF.TEL-DIV,MTF.F20,ILS
MTF.F22,MTF.MDAXNR,MTF.F22,ILS
MTF.F23,MTF.SPTR500N,MTF.F23,ILS
MTF.F24,MTF.SPSIADN,MTF.F24,ILS
MTF.F25,MTF.IXYNTR,MTF.F25,ILS
MTF.F26,MTF.IXRNTR,MTF.F26,ILS
MTF.F27,MTF.IXMNTR,MTF.F27,ILS
MTF.F28,MTF.IXVNTR,MTF.F28,ILS
MTF.F29,MTF.IXINTR,MTF.F29,ILS
MTF.F3,MTF.TEL-B20,MTF.F3,ILS
MTF.F30,MTF.IXTNTR,MTF.F30,ILS
MTF.F31,MTF.SXXR,MTF.F31,ILS
MTF.F32,MTF.MCXR,MTF.F32,ILS
MTF.F33,MTF.RU20N30U,MTF.F33,ILS
MTF.F34,MTF.NDUEEGF,MTF.F34,ILS
MTF.F36,MTF.DAXNRHD,MTF.F36,ILS
MTF.F37,MTF.SD3THD,MTF.F37,ILS
MTF.F38,MTF.MDAXNRHD,MTF.F38,ILS
MTF.F39,MTF.SPSIADNHD,MTF.F39,ILS
MTF.F4,MTF.TEL-B60,MTF.F4,ILS
MTF.F40,MTF.SXXRHD,MTF.F40,ILS
MTF.F41,MTF.MCXRHD,MTF.F41,ILS
MTF.F42,MTF.IXYNTRHD,MTF.F42,ILS
MTF.F43,MTF.IXRNTRHD,MTF.F43,ILS
MTF.F44,MTF.IXENTRHD,MTF.F44,ILS
MTF.F45,MTF.IXMNTRHD,MTF.F45,ILS
MTF.F46,MTF.IXVNTRHD,MTF.F46,ILS
MTF.F47,MTF.IXINTRHD,MTF.F47,ILS
MTF.F48,MTF.IXTNTRHD,MTF.F48,ILS
MTF.F49,MTF.IXUNTRHD,MTF.F49,ILS
MTF.F5,MTF.TEL-BSH,MTF.F5,ILS
MTF.F50,MTF.NKYNTRHD,MTF.F50,ILS
MTF.F51,MTF.RU20N30UHD,MTF.F51,ILS
MTF.F52,MTF.SPTR500NHD,MTF.F52,ILS
MTF.F6,MTF.TAR25GV,MTF.F6,ILS
MTF.F7,MTF.DAXNR,MTF.F7,ILS
MTF.F8,MTF.TAR5FIG,MTF.F8,ILS
MTF.F9,MTF.TAR510GV,MTF.F9,ILS
MTMY,MATOMY MEDIA GROUP LTD,MTMY,ILS
MTRN,MAYTRONICS LTD,MTRN,ILS
MTRX,MATRIX IT LTD,MTRX,ILS
MYDS,MYDAS REAL ESTATE INVESTMENT,MYDS,ILS
MYSZ,MY SIZE INC,MYSZ,ILS
MZTF,MIZRAHI TEFAHOT BANK LTD,MZTF,ILS
NAWI,NAWI BROTHERS LTD,NAWI,ILS
NERZ,NEW HORIZON GROUP LTD,NERZ,ILS
NFTA,NAPHTHA ISRAEL PETROLEUM CRP,NFTA,ILS
NICE,NICE LTD,NICE,ILS
NISA,NISSAN MEDICAL INDUSTRIES,NISA,ILS
NNDM,NANO DIMENSION LTD,NNDM,ILS
NSTR,NORSTAR HOLDINGS INC,NSTR,ILS
NTGR,NETANEL GROUP LTD,NTGR,ILS
NTML,NETO MALINDA TRADING LTD,NTML,ILS
NTO,NETO ME HOLDINGS LTD,NTO,ILS
NVLG,NOVOLOG LTD,NVLG,ILS
NVMI,NOVA MEASURING INSTRUMENTS,NVMI,ILS
NXGN-M,NEXTGEN BIOMED LTD,NXGN-M,ILS
NXTM,NEXTCOM LTD,NXTM,ILS
OBAS-L,OPTIBASE LTD,OBAS-L,ILS
ONE,ONE SOFTWARE TECHNOLOGIES LT,ONE,ILS
OPAL,OPAL BALANCE INVESTMENTS LTD,OPAL,ILS
OPCE,OPC ENERGY LTD,OPCE,ILS
OPCT,OPHECTRA REAL ESTATE INVESTM,OPCT,ILS
OPK,OPKO HEALTH INC,OPK,ILS
ORA,ORMAT TECHNOLOGIES INC,ORA,ILS
ORAD,ORAD LTD,ORAD,ILS
ORBI,ORBIT TECHNOLOGIES LTD,ORBI,ILS
ORIN,ORIAN SHM LTD,ORIN,ILS
ORL,OIL REFINERIES LTD,ORL,ILS
ORMP,ORAMED PHARMACEUTICALS INC,ORMP,ILS
ORON,ORON GROUP INVESTMENTS &amp; HOL,ORON,ILS
ORTC,O.R.T TECHNOLOGIES LTD,ORTC,ILS
OVRS,OVERSEAS COMMERCE LTD,OVRS,ILS
PAYT-L,PAYTON INDUSTIRES LTD,PAYT-L,ILS
PCBT,P.C.B TECHNOLOGIES LTD,PCBT,ILS
PEN,PENINSULA GROUP LTD,PEN,ILS
PERI,PERION NETWORK LTD,PERI,ILS
PFLT,PENNANTPARK FLOATING RATE CA,PFLT,ILS
PHOE,PHOENIX HOLDINGS LTD/THE,PHOE,ILS
PIU,POALIM IBI MANAGEMENT,PIU,ILS
PLAZ-L,PLAZA CENTERS NV,PLAZ-L,ILS
PLRM,PALRAM INDUSTRIES (1990) LTD,PLRM,ILS
PLSN,PLASSON INDUSTRIES LTD,PLSN,ILS
PLST,PLASTO CARGAL GROUP LTD,PLST,ILS
PLTF,PLT FINANCIAL SERVICES LTD,PLTF,ILS
PLX,PROTALIX BIOTHERAPEUTICS INC,PLX,ILS
PMCN,PHARMOCANN GLOBAL LTD,PMCN,ILS
PNAX,PANAXIA LABS ISRAEL LTD,PNAX,ILS
POLI,BANK HAPOALIM BM,POLI,ILS
POLY-L,POLYGON REAL ESTATE LTD,POLY-L,ILS
PPIL-M,PLASTOPIL HAZOREA CO LTD,PPIL-M,ILS
PRGO,PERRIGO CO PLC,PRGO,ILS
PRSK,PRASHKOVSKY INVESTMENTS &amp; CO,PRSK,ILS
PRTC,PRIORTECH LTD,PRTC,ILS
PSG.F1,PSAGOT ETF TANLVIGV,PSG.F1,ILS
PSG.F10,PSAGOT ETF TALNCGV,PSG.F10,ILS
PSG.F100,PSAGOT ETF FTSE CHN 50,PSG.F100,ILS
PSG.F101,PSAGOT ETF MSCI INDIA,PSG.F101,ILS
PSG.F102,PSAGOT ETF SP/ASX 200,PSG.F102,ILS
PSG.F103,PSAGOT ETF HANG SENG,PSG.F103,ILS
PSG.F104,PSAGOT ETF DAX BRIC USD,PSG.F104,ILS
PSG.F105,PSAGOT ETF MSCI WORLD,PSG.F105,ILS
PSG.F106,PSAGOT ETF MSCI ACWORLD,PSG.F106,ILS
PSG.F107,PSAGOT ETF MSCI EM,PSG.F107,ILS
PSG.F108,PSAGOT ETF SP EM LV,PSG.F108,ILS
PSG.F109,PSAGOT ETF BSTAR IL GLOB,PSG.F109,ILS
PSG.F11,PSAGOT ETF TANLCFXG,PSG.F11,ILS
PSG.F110,PSAGOT ETF NIKKEI225 H,PSG.F110,ILS
PSG.F111,PSAGOT ETF NDX 100 H,PSG.F111,ILS
PSG.F112,PSAGOT ETF DAX 30 H,PSG.F112,ILS
PSG.F113,PSAGOT ETF RUSSELL 2000 H,PSG.F113,ILS
PSG.F114,PSAGOT ETF STOXX 600 H,PSG.F114,ILS
PSG.F115,PSAGOT ETF NDX US BBACK H,PSG.F115,ILS
PSG.F116,PSAGOT ETF MDAX H,PSG.F116,ILS
PSG.F117,PSAGOT ETF FTSE250 H,PSG.F117,ILS
PSG.F118,PSAGOT ETF STOXX600 BANKS H,PSG.F118,ILS
PSG.F119,PSAGOT ETF SP MIDCAP400 H,PSG.F119,ILS
PSG.F12,PSAGOT ETF TEL-B20,PSG.F12,ILS
PSG.F120,PSAGOT ETF DJ INTERNET H,PSG.F120,ILS
PSG.F121,PSAGOT ETF DJ US DIV H,PSG.F121,ILS
PSG.F123,PSAGOT ETF EU STOXX DIV30 H,PSG.F123,ILS
PSG.F124,PSAGOT ETF SP FINANCE H,PSG.F124,ILS
PSG.F125,PSAGOT ETF SP TECH H,PSG.F125,ILS
PSG.F126,PSAGOT ETF SP HEALTHCARE H,PSG.F126,ILS
PSG.F127,PSAGOT ETF SP CONS DISCRET H,PSG.F127,ILS
PSG.F128,PSAGOT ETF SP CONS STAPLES H,PSG.F128,ILS
PSG.F129,PSAGOT ETF BSTAR IL GLOB H,PSG.F129,ILS
PSG.F13,PSAGOT ETF TEL-B20,PSG.F13,ILS
PSG.F130,PSAGOT ETF SP RBANKS H,PSG.F130,ILS
PSG.F131,PSAGOT ETF EU STOXX50 H,PSG.F131,ILS
PSG.F132,PSAGOT ETF WT EU H,PSG.F132,ILS
PSG.F133,PSAGOT ETF WT GR H,PSG.F133,ILS
PSG.F134,PSAGOT ETF WT JPN DIV H,PSG.F134,ILS
PSG.F135,PSAGOT ETF SP 500 LVHD H,PSG.F135,ILS
PSG.F136,PSAGOT ETF MSCI ACWORLD H,PSG.F136,ILS
PSG.F137,PSAGOT ETF SP 500 H,PSG.F137,ILS
PSG.F138,PSAGOT ETF COMP BONDS +20,PSG.F138,ILS
PSG.F139,PSAGOT ETF COMP BONDS +10,PSG.F139,ILS
PSG.F14,PSAGOT ETF TEL-B60,PSG.F14,ILS
PSG.F140,PSAGOT ETF COMP CORP GOV,PSG.F140,ILS
PSG.F141,PSAGOT ETF COMP GOV BONDS,PSG.F141,ILS
PSG.F142,PSAGOT ETF COMP BONDS 95/5,PSG.F142,ILS
PSG.F143,PSAGOT ETF COMP BONDS 80/20,PSG.F143,ILS
PSG.F144,PSAGOT ETF COMP BONDS 90/10,PSG.F144,ILS
PSG.F145,PSAGOT ETF COMP GOV +10,PSG.F145,ILS
PSG.F146,PSAGOT ETF COMP BONDS,PSG.F146,ILS
PSG.F147,PSAGOT ETF COMP BONDS MIX,PSG.F147,ILS
PSG.F148,PSAGOT ETF COMP BONDS+DIV H,PSG.F148,ILS
PSG.F149,PSAGOT ETF COMP BONDS+BB H,PSG.F149,ILS
PSG.F15,PSAGOT ETF TEL-BCLS,PSG.F15,ILS
PSG.F150,PSAGOT ETF COMP BONDS H,PSG.F150,ILS
PSG.F151,PSAGOT ETF COMP CORP GLOB H,PSG.F151,ILS
PSG.F152,PSAGOT ETF COMP CORP +10 H,PSG.F152,ILS
PSG.F153,PSAGOT ETF COMP MIDCAP H,PSG.F153,ILS
PSG.F154,PSAGOT ETF COMP US SECTOR,PSG.F154,ILS
PSG.F155,PSAGOT ETF COMP US CONS,PSG.F155,ILS
PSG.F156,PSAGOT ETF COMP US SECTOR H,PSG.F156,ILS
PSG.F157,PSAGOT ETF COMP US CONS H,PSG.F157,ILS
PSG.F158,PSAGOT ETF COMP US FIN H,PSG.F158,ILS
PSG.F159,PSAGOT ETF COMP US FIN,PSG.F159,ILS
PSG.F16,PSAGOT ETF TEL-BCL,PSG.F16,ILS
PSG.F160,PSAGOT ETF SHORT TA-125,PSG.F160,ILS
PSG.F161,PSAGOT ETF SHORT TA-90,PSG.F161,ILS
PSG.F164,PSAGOT ETF SHORT TA-35,PSG.F164,ILS
PSG.F17,PSAGOT ETF TEL-YLD,PSG.F17,ILS
PSG.F18,PSAGOT ETF TEL-BCLB,PSG.F18,ILS
PSG.F19,PSAGOT ETF TEL-CP03,PSG.F19,ILS
PSG.F2,PSAGOT ETF TAR02FIG,PSG.F2,ILS
PSG.F20,PSAGOT ETF TEL-CP35,PSG.F20,ILS
PSG.F21,PSAGOT ETF TEL-CP51,PSG.F21,ILS
PSG.F22,PSAGOT ETF TEL-CPIA,PSG.F22,ILS
PSG.F23,PSAGOT ETF TEL-CPAA,PSG.F23,ILS
PSG.F24,PSAGOT ETF TEL-BSH,PSG.F24,ILS
PSG.F25,PSAGOT ETF TEL-COMP,PSG.F25,ILS
PSG.F26,PSAGOT ETF TELB,PSG.F26,ILS
PSG.F27,PSAGOT ETF TEL-NIS,PSG.F27,ILS
PSG.F28,PSAGOT ETF TEL-B50,PSG.F28,ILS
PSG.F29,PSAGOT ETF TEL-SH03,PSG.F29,ILS
PSG.F3,PSAGOT ETF TAR25FIG,PSG.F3,ILS
PSG.F30,PSAGOT ETF TEL-SH35,PSG.F30,ILS
PSG.F31,PSAGOT ETF TEL-S51,PSG.F31,ILS
PSG.F32,PSAGOT ETF TEL-BGLO,PSG.F32,ILS
PSG.F33,PSAGOT ETF TEL-SH A,PSG.F33,ILS
PSG.F34,PSAGOT ETF TEL-SH AA - AAA,PSG.F34,ILS
PSG.F35,PSAGOT ETF TA-BANK5,PSG.F35,ILS
PSG.F36,PSAGOT ETF TA-90,PSG.F36,ILS
PSG.F37,PSAGOT ETF TA-REAL ESTATE,PSG.F37,ILS
PSG.F38,PSAGOT ETF TA-GLOB-BLUETECH,PSG.F38,ILS
PSG.F39,PSAGOT ETF TEL-DIV,PSG.F39,ILS
PSG.F4,PSAGOT ETF TAR5FIG,PSG.F4,ILS
PSG.F40,PSAGOT ETF (4A) TA-GROWTH,PSG.F40,ILS
PSG.F41,PSAGOT ETF TA-35,PSG.F41,ILS
PSG.F42,PSAGOT ETF TA-125,PSG.F42,ILS
PSG.F43,PSAGOT ETF TA-FINANCE,PSG.F43,ILS
PSG.F44,PSAGOT ETF TA-SME60,PSG.F44,ILS
PSG.F45,PSAGOT ETF TA-OIL &amp; GAS,PSG.F45,ILS
PSG.F46,PSAGOT ETF TA-SME150,PSG.F46,ILS
PSG.F47,PSAGOT ETF TA-SECTOR-BALANCE,PSG.F47,ILS
PSG.F48,PSAGOT ETF DJ US DIV,PSG.F48,ILS
PSG.F49,PSAGOT ETF DB COMMODITIES,PSG.F49,ILS
PSG.F5,PSAGOT ETF TASHTTB,PSG.F5,ILS
PSG.F50,PSAGOT ETF WILDERHILL ECO,PSG.F50,ILS
PSG.F51,PSAGOT ETF EU STOXX DIV30,PSG.F51,ILS
PSG.F52,PSAGOT ETF ?RE EPRA EU,PSG.F52,ILS
PSG.F53,PSAGOT ETF EU STOXX50,PSG.F53,ILS
PSG.F54,PSAGOT ETF ?DAX 30,PSG.F54,ILS
PSG.F55,PSAGOT ETF DJ US RE,PSG.F55,ILS
PSG.F56,PSAGOT ETF FTSE 100,PSG.F56,ILS
PSG.F57,PSAGOT ETF ?NORDIC DIV,PSG.F57,ILS
PSG.F58,PSAGOT ETF DJ GR DIV20,PSG.F58,ILS
PSG.F59,PSAGOT ETF CAC 40,PSG.F59,ILS
PSG.F6,PSAGOT ETF TANLGOV,PSG.F6,ILS
PSG.F60,PSAGOT ETF RUSSELL 2000,PSG.F60,ILS
PSG.F61,PSAGOT ETF ?LBMA GOLD AM,PSG.F61,ILS
PSG.F62,PSAGOT ETF IBOXX USD IG30,PSG.F62,ILS
PSG.F63,PSAGOT ETF IBOXX USD IG30 H,PSG.F63,ILS
PSG.F64,PSAGOT ETF NDX 100,PSG.F64,ILS
PSG.F65,PSAGOT ETF S&amp;P 500,PSG.F65,ILS
PSG.F66,PSAGOT ETF DJ INDUSTRIAL,PSG.F66,ILS
PSG.F67,PSAGOT SAL STOXX EURO 600,PSG.F67,ILS
PSG.F68,PSAGOT ETF SP HEALTHCARE,PSG.F68,ILS
PSG.F69,PSAGOT ETF NDX US BBACK,PSG.F69,ILS
PSG.F7,PSAGOT ETF TAR02GV,PSG.F7,ILS
PSG.F70,PSAGOT ETF SP RETAIL,PSG.F70,ILS
PSG.F71,PSAGOT ETF SP TECH,PSG.F71,ILS
PSG.F73,PSAGOT ETF SP ENERGY,PSG.F73,ILS
PSG.F74,PSAGOT ETF SP FINANCE,PSG.F74,ILS
PSG.F75,PSAGOT ETF STOXX600 BANKS,PSG.F75,ILS
PSG.F76,PSAGOT ETF BB US CRDT,PSG.F76,ILS
PSG.F77,PSAGOT ETF SP 1500 MOMENT,PSG.F77,ILS
PSG.F78,PSAGOT ETF SP RBANKS,PSG.F78,ILS
PSG.F79,PSAGOT ETF SP CONS STAPLES,PSG.F79,ILS
PSG.F8,PSAGOT ETF TAR25GV,PSG.F8,ILS
PSG.F80,PSAGOT ETF SP INDUSTRIAL,PSG.F80,ILS
PSG.F81,PSAGOT ETF SP CONS DISCRET,PSG.F81,ILS
PSG.F82,PSAGOT ETF IBOXX USD IG0-5 H,PSG.F82,ILS
PSG.F83,PSAGOT ETF BB USCRDT1-3 H,PSG.F83,ILS
PSG.F84,PSAGOT ETF BB US CORP1-5 H,PSG.F84,ILS
PSG.F85,PSAGOT ETF BB USCRDT5-10 H,PSG.F85,ILS
PSG.F86,PSAGOT ETF BB INTERCRDT H,PSG.F86,ILS
PSG.F87,PSAGOT ETF BB US CORP1-5,PSG.F87,ILS
PSG.F88,PSAGOT ETF BB INTERCRDT,PSG.F88,ILS
PSG.F89,PSAGOT ETF SP PHARMA,PSG.F89,ILS
PSG.F9,PSAGOT ETF TAR510GV,PSG.F9,ILS
PSG.F90,PSAGOT ETF SP 500 LVHD,PSG.F90,ILS
PSG.F91,PSAGOT ETF DJ OIL&amp;GAS,PSG.F91,ILS
PSG.F92,PSAGOT ETF NIKKEI225,PSG.F92,ILS
PSG.F93,PSAGOT ETF MSCI EAFE,PSG.F93,ILS
PSG.F95,PSAGOT ETF DJ ASIA DIV30,PSG.F95,ILS
PSG.F96,PSAGOT ETF DJ CA DIV,PSG.F96,ILS
PSG.F97,PSAGOT ETF DJ AU DIV30,PSG.F97,ILS
PSG.F98,PSAGOT ETF STOXX GLOBDIV,PSG.F98,ILS
PSG.F99,PSAGOT ETF IBOVESPA,PSG.F99,ILS
PSG.FK1,PSAGOT ETF KO TEL-B60,PSG.FK1,ILS
PSG.FK2,PSAGOT ETF KO TEL-YLD,PSG.FK2,ILS
PSG.FK3,PSAGOT ETF KO TEL-BSH,PSG.FK3,ILS
PSG.FK4,PSAGOT ETF KO TA-125,PSG.FK4,ILS
PSG.FK5,PSAGOT ETF KO TA-SME60,PSG.FK5,ILS
PSTI,PLURISTEM THERAPEUTICS INC,PSTI,ILS
PTBL,PROPERTY &amp; BUILDING CORP LTD,PTBL,ILS
PTCH,ISRAEL PETROCHEMICAL ENTERPR,PTCH,ILS
PTNR,PARTNER COMMUNICATIONS CO,PTNR,ILS
PZOL,PAZ OIL CO LTD,PZOL,ILS
QLTU,QUALITAU LTD,QLTU,ILS
QNCO,QUEENCO LTD,QNCO,ILS
RANI,RANI ZIM SHOPPING CENTERS LT,RANI,ILS
RATI.L,RATIO OIL EXPLORATION,RATI.L,ILS
RAVD,RAVAD,RAVD,ILS
RDHL,REDHILL BIOPHARMA LTD,RDHL,ILS
REKA,REKAH PHARMACEUTICAL,REKA,ILS
RIMO,RIMONI INDUSTRIES LTD,RIMO,ILS
RIT1,REIT 1 LTD,RIT1,ILS
RLCO,RALCO AGENCIES,RLCO,ILS
RMLI,RAMI LEVY CHAIN STORES HASHI,RMLI,ILS
RMN,RAM-ON INVESTMENTS AND HOLDI,RMN,ILS
ROBO,ROBO GROUP TEK LTD,ROBO,ILS
ROTS,ROTSHTEIN REALESTATE LTD,ROTS,ILS
RPAC,RAPAC COMMUNICATION &amp; INFRAS,RPAC,ILS
RSEL,RSL ELECTRONICS LTD,RSEL,ILS
RTEN.L,ROTEM ENERGY MINERAL (REM),RTEN.L,ILS
RTPT.L,RATIO PETROLEUM ENERGY LP,RTPT.L,ILS
RVL,RAVAL ICS LTD,RVL,ILS
SAE,SHUFERSAL LTD,SAE,ILS
SAFE,SAFE-T GROUP LTD,SAFE,ILS
SALG,SHALAG INDUSTRIES LTD,SALG,ILS
SANO1,SANO-BRUNOS ENTERPRISES (1),SANO1,ILS
SCC,SPACE COMMUNICATION LTD,SCC,ILS
SCIX,SUNY CELLULAR COMMUNICATION,SCIX,ILS
SCOP,SCOPE METALS GROUP LTD,SCOP,ILS
SEFA,SHEFA YAMIM,SEFA,ILS
SHAN,SHANIV,SHAN,ILS
SHGR,SHAGRIR GROUP VEHICLE SERVIC,SHGR,ILS
SHNP,E. SCHNAPP CO WORKS LTD,SHNP,ILS
SHVA,AUTOMATIC BANK SERVICES LTD,SHVA,ILS
SKBN,SHIKUN &amp; BINUI LTD,SKBN,ILS
SKLN,SKYLINE INVESTMENTS INC,SKLN,ILS
SLGN,SOLEGREEN LTD,SLGN,ILS
SMNIN,SHEMEN INDUSTRIES LTD,SMNIN,ILS
SMT,SUMMIT REAL ESTATE HOLDING,SMT,ILS
SMTO,SOMOTO LTD,SMTO,ILS
SNEL,SYNEL MLL PAYWAY LTD,SNEL,ILS
SNFL,SUNFLOWER SUSTAINABLE INVEST,SNFL,ILS
SOG-M,SHEMEN OIL &amp; GAS RESOUCES LT,SOG-M,ILS
SPEN,SHAPIR ENGINEERING AND INDUS,SPEN,ILS
SPNS,SAPIENS INTERNATIONAL CORP,SPNS,ILS
SPNTC,SPUNTECH INDUSTRIES LTD,SPNTC,ILS
SPRG,SPRING VENTURES LTD,SPRG,ILS
SRAC,S.R ACCORD LTD,SRAC,ILS
SRFT,SARFATI,SRFT,ILS
STCM,SATCOM SYSTEMS LTD,STCM,ILS
STG,STG INTERNATIONAL LTD,STG,ILS
STRS,STRAUSS GROUP LTD,STRS,ILS
SUNY,SUNY ELECTRONIC INC LTD-NEW,SUNY,ILS
TALD,TALDOR COMPUTER SYSTEMS 1986,TALD,ILS
TATT,TAT TECHNOLOGIES LTD,TATT,ILS
TAYA,TAYA INVESTMENT CO LTD,TAYA,ILS
TCH.F1,TACHLIT SAL 40 TA 35,TCH.F1,ILS
TCH.F10,TC.TELBOND20,TCH.F10,ILS
TCH.F100,TACHLIT SAL STOXX EUROPE 600,TCH.F100,ILS
TCH.F101,TACHLIT SAL STX EU 600 EU HG,TCH.F101,ILS
TCH.F102,TC.MSCIWORLDILS,TCH.F102,ILS
TCH.F103,TACHLIT STOXX 600 BANKS NTR,TCH.F103,ILS
TCH.F104,TC.TELBONDMAGAR,TCH.F104,ILS
TCH.F105,TACHLIT CMPST 3 WRLD EQY 40A,TCH.F105,ILS
TCH.F106,TACHLIT CMPST EURP EQY 40A,TCH.F106,ILS
TCH.F107,TACHLIT SP MSCI NTR NIS 40A,TCH.F107,ILS
TCH.F108,TACHLIT FR CAC40 NTR NIS 40A,TCH.F108,ILS
TCH.F11,TACHLIT SAL S&amp;P 500 CUR HDGD,TCH.F11,ILS
TCH.F110,TC.TELBONDVAR,TCH.F110,ILS
TCH.F111,TC.CMPBONDDIV,TCH.F111,ILS
TCH.F112,TC.CMPBONDGLOEQ,TCH.F112,ILS
TCH.F113,TACHLIT SAL DAX 30,TCH.F113,ILS
TCH.F114,TACHLIT INDIA S&amp;P NIFTY 4DA,TCH.F114,ILS
TCH.F116,TC.SHTA90,TCH.F116,ILS
TCH.F118,TC.TAFINANCE,TCH.F118,ILS
TCH.F12,TACHLIT SAL 4A DAX 30 CRNCYH,TCH.F12,ILS
TCH.F120,TACHLIT SAL 60 SHORT TA 35,TCH.F120,ILS
TCH.F123,TC.CMPGOVTA355,TCH.F123,ILS
TCH.F124,TACHLIT SAL MSCI AC WORLD,TCH.F124,ILS
TCH.F125,TACHLIT RUSSIA RDXUSD 4DA,TCH.F125,ILS
TCH.F127,TACHLIT CMP5 ISRL EQ100 40A,TCH.F127,ILS
TCH.F128,TACHLIT SAL MSCI EM,TCH.F128,ILS
TCH.F129,TACHLIT SAL NIKKEI 225 CHDG,TCH.F129,ILS
TCH.F13,TC.CMOGOVDIV10,TCH.F13,ILS
TCH.F130,TACHLIT AU S&amp;P ASX 200 4DA,TCH.F130,ILS
TCH.F131,TACHLIT SAL RUSSELL 2000,TCH.F131,ILS
TCH.F132,TC.CMPSHA/GAL25,TCH.F132,ILS
TCH.F133,TC.CMPGAL/SHA25,TCH.F133,ILS
TCH.F134,TACHLIT CMP3 FRGN EQ 4DA,TCH.F134,ILS
TCH.F135,TACHLIT COMPOSITE 3 TA-90 33,TCH.F135,ILS
TCH.F136,TC.TAOILGAS,TCH.F136,ILS
TCH.F137,TC.TABIOMED,TCH.F137,ILS
TCH.F138,TC.TELBONDLBANK,TCH.F138,ILS
TCH.F139,TACHLIT TA-125 SERIES 2 40A,TCH.F139,ILS
TCH.F14,TC.GOVSHEKEL,TCH.F14,ILS
TCH.F140,TCHLT FNC USA S&amp;P IXMNTR 40A,TCH.F140,ILS
TCH.F141,TACHLIT FTSE 250 MIDCAP ILS,TCH.F141,ILS
TCH.F142,TACHLIT NASDAQ BIOTHECH ILS,TCH.F142,ILS
TCH.F143,TACHLIT GOLDEN DRAGON ILS,TCH.F143,ILS
TCH.F144,TACHLIT S&amp;P HY DIV ARISTOCRT,TCH.F144,ILS
TCH.F145,TACHLIT S&amp;P UK HY DIV ARISTO,TCH.F145,ILS
TCH.F146,TC.SP500ARISTO,TCH.F146,ILS
TCH.F147,TACHLIT S&amp;P DIV ARISTOCRAT,TCH.F147,ILS
TCH.F148,TACHLIT COMP DIV ARISTOCRAT,TCH.F148,ILS
TCH.F149,TC.IBOXX$TOP30,TCH.F149,ILS
TCH.F150,TACHLIT IPOX 100 US ILS 40A,TCH.F150,ILS
TCH.F151,TACHLIT S&amp;P MIDCAP 400 ILS,TCH.F151,ILS
TCH.F152,TC.TEL-CPAA,TCH.F152,ILS
TCH.F153,TC.TECDAX,TCH.F153,ILS
TCH.F16,TC.CMPGOVFEQ,TCH.F16,ILS
TCH.F18,TC.CMPGOVTA125,TCH.F18,ILS
TCH.F19,TC.CMPGOVCPEQ,TCH.F19,ILS
TCH.F2,TC.TA125,TCH.F2,ILS
TCH.F20,TC.TELDIV,TCH.F20,ILS
TCH.F21,TACHLIT SAL SME60,TCH.F21,ILS
TCH.F22,TC.CMPGOVCORP,TCH.F22,ILS
TCH.F23,TACHLIT COMPOSITE 5 LOCAL E,TCH.F23,ILS
TCH.F24,TC.GILON,TCH.F24,ILS
TCH.F25,TC.GALIL2-5,TCH.F25,ILS
TCH.F26,TC.TELBOND40,TCH.F26,ILS
TCH.F27,TC.TELBOND60,TCH.F27,ILS
TCH.F28,TCHLT KOREA KOSPI200 ILS 40A,TCH.F28,ILS
TCH.F29,TACHLIT FTSE 100 ILS 40A,TCH.F29,ILS
TCH.F3,TACHLIT SAL 40 TA BANK 5,TCH.F3,ILS
TCH.F30,TC.SHAHRIM,TCH.F30,ILS
TCH.F31,TACHLIT NON-LINKED G BD 2-5Y,TCH.F31,ILS
TCH.F32,TC.SHAHAR5+,TCH.F32,ILS
TCH.F33,TACHLIT SAL 00 CPI GV B 5-10,TCH.F33,ILS
TCH.F34,TC.TELBONDNIS,TCH.F34,ILS
TCH.F35,TC.CMPGOVCORP50,TCH.F35,ILS
TCH.F36,TC.CMPGOCOTA125,TCH.F36,ILS
TCH.F38,TC.CMPGOVEQ15,TCH.F38,ILS
TCH.F39,TACHLIT SAL RUSSELL 2000 CHG,TCH.F39,ILS
TCH.F4,TACHLIT SAL NASDAQ 100 CHDG,TCH.F4,ILS
TCH.F40,TACHLIT CMP3 FRGN EQ ILS 40A,TCH.F40,ILS
TCH.F41,TC.TELBONDYIELD,TCH.F41,ILS
TCH.F43,TACHLIT SAL S&amp;P REGIONAL BNK,TCH.F43,ILS
TCH.F44,TACHLIT GERMANY MIDCAP MDAX,TCH.F44,ILS
TCH.F45,TACHLIT US BUYBACK ILS 40A,TCH.F45,ILS
TCH.F46,TACHLIT GE M-CP MDAX ILS 40A,TCH.F46,ILS
TCH.F48,TACHLIT COMP3 LARGECAP DEV,TCH.F48,ILS
TCH.F49,TCHLT S&amp;P HLTH NTR ILS 40A,TCH.F49,ILS
TCH.F5,TACHLIT CHINA HSCEI ILS 40A,TCH.F5,ILS
TCH.F50,TC.SPFINANCE,TCH.F50,ILS
TCH.F51,TCHLT S&amp;P INDST NTR ILS 40A,TCH.F51,ILS
TCH.F52,TACHLIT CMP CONS US 100% NTR,TCH.F52,ILS
TCH.F53,TACHLIT CMPST HLT-CR BIO-TC,TCH.F53,ILS
TCH.F54,TC.SPTRANSPORT,TCH.F54,ILS
TCH.F55,TC.SPCONSUDIS,TCH.F55,ILS
TCH.F56,TACHLIT S&amp;P TECH SECTOR NTR,TCH.F56,ILS
TCH.F57,TACHLIT SAL S&amp;P CONS STAPLES,TCH.F57,ILS
TCH.F58,TACHLIT SAL S&amp;P HEALTH CARE,TCH.F58,ILS
TCH.F6,TC.SHTA125,TCH.F6,ILS
TCH.F62,TC.TELBONDNIS,TCH.F62,ILS
TCH.F63,TC.ISECEYBER,TCH.F63,ILS
TCH.F64,TC.TELBONDYIELD,TCH.F64,ILS
TCH.F65,TACHLIT SAL S&amp;P ENERGY,TCH.F65,ILS
TCH.F66,TACHLIT S&amp;P 500 LOWV HD ILS,TCH.F66,ILS
TCH.F67,TC.SP500LVHD,TCH.F67,ILS
TCH.F68,TC.SP500LV,TCH.F68,ILS
TCH.F69,TACHLIT SAL S&amp;P AER0 &amp; DFNSE,TCH.F69,ILS
TCH.F7,TACHLIT SAL EU STOXX 50 CHDG,TCH.F7,ILS
TCH.F70,TC.SPINDUSTRIAL,TCH.F70,ILS
TCH.F71,TC.MSCIAC,TCH.F71,ILS
TCH.F72,TC.TELBONDNIS03,TCH.F72,ILS
TCH.F73,TC.TELBONDNIS35,TCH.F73,ILS
TCH.F74,TC.TELBONDNIS51,TCH.F74,ILS
TCH.F75,TC.TELBNDGLOBAL,TCH.F75,ILS
TCH.F76,TACHLIT SAL S&amp;P 500,TCH.F76,ILS
TCH.F77,TACHLIT SAL NASDAQ 100,TCH.F77,ILS
TCH.F78,TACHLIT SAL 4D NIKKEI 225,TCH.F78,ILS
TCH.F79,TACHLIT SAL EUR STOXX 50,TCH.F79,ILS
TCH.F8,TC.GOVTA35,TCH.F8,ILS
TCH.F80,TACHLIT SAL NASDAQ BIOTECH,TCH.F80,ILS
TCH.F81,TC.FUBRENTOIL,TCH.F81,ILS
TCH.F82,TC.FUSILVER,TCH.F82,ILS
TCH.F83,TC.TAREALEST,TCH.F83,ILS
TCH.F84,TACHLIT DAX GLB BRIC ILS 40A,TCH.F84,ILS
TCH.F85,TC.TAGROWTH,TCH.F85,ILS
TCH.F86,TACHLIT CANADA S&amp;P60 ILS 40A,TCH.F86,ILS
TCH.F87,TC.GALIL02,TCH.F87,ILS
TCH.F88,TC.SHAHAR02,TCH.F88,ILS
TCH.F89,TACHLIT KOREA KOSPI 200 4DA,TCH.F89,ILS
TCH.F9,TC.TA90,TCH.F9,ILS
TCH.F90,TACHLIT BRAZIL IBOV GTR 4DA,TCH.F90,ILS
TCH.F91,TC.MKM,TCH.F91,ILS
TCH.F92,TACHLIT CHINA FTSE 50 4DA,TCH.F92,ILS
TCH.F93,TC.LVRG*2TA35,TCH.F93,ILS
TCH.F94,TC.GOLDAMUSD,TCH.F94,ILS
TCH.F95,TC.CMPGOVCORP30,TCH.F95,ILS
TCH.F97,TC.BONDLYETER,TCH.F97,ILS
TCH.F98,TC.LVRG*3TA35,TCH.F98,ILS
TCH.F99,TC.SHORT*2TA35,TCH.F99,ILS
TCH.FK1,TC.KOTELBONDYLD,TCH.FK1,ILS
TCH.FK2,TC.KOBONDLYETER,TCH.FK2,ILS
TCH.FK3,TC.KOTELBONDNIS,TCH.FK3,ILS
TCH.FK4,TC.KOTA125,TCH.FK4,ILS
TCH.FK5,TC.KOTASME60,TCH.FK5,ILS
TDGN,TADIR GAN LTD,TDGN,ILS
TDRN,TADIRAN HOLDINGS LTD,TDRN,ILS
TEDE,TEDEA TECH DEVELOP &amp; AUTOMAT,TEDE,ILS
TEVA,TEVA PHARMACEUTICAL IND LTD,TEVA,ILS
TFRLF,TEFRON LTD,TFRLF,ILS
TGTR,TOGETHER PHARMA LTD,TGTR,ILS
TIGBUR,TIGBUR-TEMPORARY PROFESSIONA,TIGBUR,ILS
TLRD,TELRAD NETWORKS LTD,TLRD,ILS
TLSY,TELSYS,TLSY,ILS
TMRP,TAMAR PETROLEUM LTD,TMRP,ILS
TNPV,TECHNOPLUS VENTURES LTD,TNPV,ILS
TOPS,TOP RAMDOR SYSTEMS &amp; COMPUTE,TOPS,ILS
TREN,TRENDLINE INFORMATION &amp; COMM,TREN,ILS
TSEM,TOWER SEMICONDUCTOR LTD,TSEM,ILS
TTAM,TIV TAAM HOLDINGS 1 LTD,TTAM,ILS
TUBE,GAON GROUP LTD,TUBE,ILS
TUZA,TEUZA-A FAIRCHILD TECH VENT,TUZA,ILS
ULTR,GIBUI HOLDINGS LTD,ULTR,ILS
UNCR-M,UNET CREDIT FINANCE SERVICES,UNCR-M,ILS
UNIT,UNITRONICS,UNIT,ILS
UNON,UNION BANK OF ISRAEL,UNON,ILS
UNVO,UNIVO PHARMACEUTICALS,UNVO,ILS
USER-M,USER TREND LTD,USER-M,ILS
UTRN,UTRON LTD,UTRN,ILS
VCTR,VICTORY SUPERMARKET CHAIN LT,VCTR,ILS
VILR,VILLAR INTERNATIONAL LTD,VILR,ILS
VISN,VISION SIGMA LTD,VISN,ILS
VNTZ,VONETIZE PLC,VNTZ,ILS
VTNA,VITANIA LTD,VTNA,ILS
WLFD,WILLI FOOD INVESTMENTS,WLFD,ILS
WSMK,WHITESMOKE SOFTWARE LTD,WSMK,ILS
WTS,BH WHITESTONE GROUP LTD,WTS,ILS
XENA,XENIA VENTURE CAPITAL LTD,XENA,ILS
XTLB,XTL BIOPHARMACEUTICALS LTD,XTLB,ILS
YAAC,YA'ACOBI BROTHERS GROUP LTD,YAAC,ILS
YBOX,YBOX REAL ESTATE LTD,YBOX,ILS
ZMH,Z.M.H HAMMERMAN LTD,ZMH,ILS
ZNKL,ZANLAKOL LTD,ZNKL,ILS
ZUR,ZUR SHAMIR HOLDINGS LTD,ZUR,ILS
